id,h24,a5,a7,a48,a79,a139,a4,a132,a84,a3,a14,a54,a80,a101,a10,a12,a130,a66,a28,a33,a116,a122,a134,a142,a87,a106,e9,x183,x10,a15,a26,a69,a124,x199,a97,a6,h378,a113,a1,a16,a63,a71,a72,a76,a2,a11,a13,a42,x253,h992,h988,a135,a46,e64,h1046,a67,a56,a128,h1100,e115,x259,x219,a24,x244,e169,h435,x103,a51,total_score_exploratory,positive_expressivity,negative_expressivity,attending_to_emotions,emotion_based_decision_making,responsive_joy,responsive_distress,empathic_concern
1003,5,4,4,2,4,4,5,5,3,1,3,4,4,3,4,2,4,2,3,4,4,4,4,4,4,4,2,2,4,4,2,1,3,3,2,2,3,3,3,3,4,2,4,3,3,4,2,3,5,4,5,3,5,3,1,5,3,2,5,4,2,3,2,5,3,5,4,4,229,36,30,36,23,31,36,37
1004,5,5,2,4,5,4,2,4,4,1,4,4,4,4,4,4,4,4,4,4,4,4,4,4,4,5,4,4,4,4,2,2,2,2,2,1,2,2,5,4,4,4,4,4,4,4,4,4,4,2,4,2,4,2,2,5,2,2,5,5,4,4,4,5,4,4,4,5,246,35,37,41,19,41,29,44
1005,4,5,4,5,4,4,5,4,5,1,4,1,4,4,2,2,4,2,2,2,4,4,4,2,4,4,4,4,4,4,2,5,4,4,2,1,4,2,5,4,4,5,5,4,4,4,2,5,5,2,4,4,5,2,3,5,5,2,5,4,5,1,4,5,1,2,2,2,240,40,26,36,28,42,37,31
1007,4,3,2,2,4,3,3,3,3,1,4,1,2,4,2,2,3,4,3,2,3,5,3,2,3,3,3,1,2,4,2,2,3,2,4,2,2,2,5,4,3,3,4,5,4,5,5,4,4,3,3,4,2,2,2,2,2,2,4,4,4,2,3,4,2,2,2,3,201,27,26,27,23,42,26,30
1008,4,4,4,4,4,4,4,3,3,2,3,3,3,3,3,3,3,2,4,4,4,4,4,4,4,4,4,4,4,4,2,4,3,4,2,2,4,3,4,4,3,4,3,3,4,3,4,4,4,2,4,3,4,2,4,4,4,2,5,4,4,3,4,4,2,4,4,3,237,34,29,40,28,36,33,37
1009,4,5,3,5,4,5,5,5,5,2,2,2,3,2,3,3,3,2,3,3,2,4,3,2,4,3,4,4,5,4,2,2,3,3,3,2,2,3,4,5,5,5,4,5,4,4,5,5,4,3,4,2,1,2,3,4,4,4,5,4,3,2,3,5,2,4,5,4,238,41,25,34,24,46,31,37
1010,4,5,2,5,2,5,2,1,4,1,4,1,4,4,4,2,1,1,5,4,4,5,2,2,1,4,2,4,4,4,2,2,4,2,2,1,2,1,5,4,5,4,5,5,4,5,4,5,4,2,2,4,4,1,2,4,1,1,4,5,5,2,4,4,2,2,1,4,213,30,27,32,20,46,25,33
1011,3,4,3,5,4,4,1,2,4,3,2,4,4,2,4,4,3,4,4,5,3,4,4,3,4,5,5,4,5,4,2,4,4,2,2,1,4,3,4,4,5,4,3,5,4,4,4,5,5,4,4,4,5,2,3,5,5,2,5,5,4,4,5,5,5,4,4,4,258,30,34,42,26,42,39,45
1012,2,3,2,4,3,4,2,2,3,2,4,3,4,3,2,3,2,3,3,4,3,4,3,2,3,3,3,4,5,4,2,3,4,3,2,1,3,2,5,4,5,4,4,4,4,5,2,3,4,3,3,3,5,2,3,4,2,2,4,4,4,4,4,4,2,5,4,4,222,25,29,34,24,40,31,39
1013,5,5,3,5,5,5,5,5,5,1,1,2,4,4,4,2,5,2,2,4,3,5,5,1,5,5,5,5,5,4,4,4,4,3,2,2,4,4,4,5,5,5,4,5,4,4,4,4,4,5,4,2,4,2,2,5,5,2,5,4,4,2,4,5,1,5,2,4,259,43,27,43,31,44,35,36
1014,2,4,2,4,5,4,5,4,4,3,3,2,4,2,2,3,2,2,2,4,3,4,3,3,3,4,3,3,4,4,3,3,3,4,2,2,3,3,5,4,4,2,4,4,4,3,2,5,1,1,4,2,4,3,3,4,4,2,4,4,5,2,4,4,2,4,1,4,219,34,25,34,27,37,28,34
1015,4,4,2,4,3,4,2,2,2,3,3,3,3,4,4,2,3,2,2,4,3,4,4,2,3,4,2,4,2,2,3,4,4,2,2,2,2,2,4,4,3,4,4,4,3,3,4,4,3,4,3,3,4,2,4,1,1,2,5,3,3,2,5,4,3,4,4,3,211,27,29,32,23,37,27,36
1016,5,5,3,5,5,5,4,5,4,1,4,1,4,2,2,3,4,3,3,1,3,5,3,3,4,4,5,3,4,4,1,2,4,3,4,2,3,2,4,4,5,3,3,5,5,5,4,3,4,1,4,2,3,3,2,4,2,3,3,4,3,3,3,4,2,4,4,4,231,41,27,35,25,41,28,34
1021,5,5,2,5,5,5,5,5,5,1,4,4,5,5,4,4,5,2,5,5,5,5,4,4,5,5,1,4,5,5,5,4,4,3,4,4,4,3,4,4,5,4,4,4,2,5,4,5,3,1,3,4,5,2,4,4,5,1,5,4,5,4,4,5,5,4,2,5,276,42,39,43,36,41,32,43
1022,4,5,4,5,5,4,4,2,2,2,2,1,1,2,2,1,2,1,4,4,2,4,2,1,2,2,4,2,2,4,2,4,2,2,2,1,2,1,4,5,4,2,4,1,4,5,2,5,4,1,4,4,5,2,1,2,2,1,4,2,5,2,4,4,5,4,3,3,196,35,18,25,20,36,26,36
1023,4,5,4,4,4,4,5,4,4,4,4,4,3,4,4,4,4,4,4,4,4,4,4,2,4,2,4,3,4,4,3,4,4,3,2,1,3,3,5,4,4,4,4,4,4,2,4,5,4,4,4,4,4,1,3,2,4,3,4,4,3,2,4,4,5,3,4,2,247,38,39,35,27,40,33,35
1024,1,5,2,5,3,4,4,2,4,4,4,1,4,2,1,2,1,2,3,4,1,4,3,4,3,3,3,2,2,4,3,1,4,4,2,2,2,1,4,5,5,4,4,4,5,5,3,3,4,2,3,4,5,4,2,5,5,3,4,5,4,2,5,5,1,4,2,5,222,30,24,29,23,42,37,37
1027,5,2,4,2,5,4,5,4,4,2,2,2,4,2,2,2,2,2,2,4,4,4,4,2,5,4,5,5,5,4,3,3,4,4,3,2,4,2,3,4,4,5,5,4,5,4,4,2,3,3,5,3,5,2,4,2,2,4,5,4,4,3,4,4,3,4,2,4,238,35,22,42,29,40,33,37
1028,4,4,3,4,4,5,4,4,4,2,4,1,4,4,4,4,2,2,4,1,2,4,2,2,1,2,2,4,5,4,2,2,2,3,4,1,2,2,5,4,4,4,4,4,4,2,5,4,4,1,3,2,2,2,2,4,5,2,4,4,2,4,4,4,4,5,4,2,218,36,31,25,22,40,27,37
1029,5,5,2,5,5,5,4,5,5,2,4,4,4,4,4,4,5,2,4,4,4,4,4,4,5,5,4,4,5,4,3,4,4,3,2,2,4,2,5,5,4,4,3,5,5,4,4,5,4,2,2,4,5,2,2,5,4,2,4,5,4,4,3,5,2,2,4,5,263,41,37,43,28,44,32,38
1031,4,5,2,5,4,4,4,4,4,2,3,3,4,2,2,2,2,2,2,4,4,4,5,3,4,4,4,3,4,4,2,3,4,3,2,1,3,2,5,5,4,5,4,4,3,5,4,4,4,2,3,4,4,2,2,4,4,2,5,4,4,3,4,4,2,4,3,2,232,36,24,39,24,43,31,35
1035,4,4,4,4,2,4,4,2,5,1,4,3,2,3,4,4,2,2,4,4,3,4,4,2,5,4,4,3,4,4,2,1,3,2,2,1,2,2,4,4,4,3,3,4,4,2,4,4,2,1,4,2,4,1,2,5,2,2,4,2,2,2,4,4,1,4,3,4,209,33,29,37,19,36,25,30
1046,5,5,4,5,4,4,5,5,5,4,5,2,4,4,5,4,4,2,4,5,4,4,4,4,5,4,5,5,5,4,1,1,2,2,2,1,2,2,4,4,5,5,2,5,5,5,5,1,5,4,4,4,5,2,4,5,2,2,5,4,1,1,2,5,2,4,4,2,250,42,38,45,17,41,37,30
1047,4,5,1,5,5,5,5,5,2,1,4,1,1,4,5,5,2,1,5,3,5,5,4,1,4,1,5,2,2,4,3,1,1,1,4,2,3,3,3,4,3,3,5,5,4,4,4,3,4,1,3,4,5,2,3,5,5,1,5,5,1,1,3,5,1,2,1,5,220,37,29,32,22,38,33,29
1048,2,5,4,5,4,4,2,2,4,1,4,3,3,3,2,2,3,1,3,1,3,5,4,3,3,4,5,4,3,4,3,3,3,3,4,1,2,2,5,4,5,4,4,4,3,4,2,3,3,1,3,3,3,1,3,4,2,2,4,3,4,3,5,4,1,3,3,2,212,32,25,35,25,38,25,32
1052,3,4,2,4,3,4,4,3,4,2,4,3,2,2,3,3,3,4,4,3,2,4,3,2,2,3,4,3,4,3,1,2,2,2,2,1,2,2,4,4,4,3,3,3,4,4,4,4,4,3,4,4,2,3,3,4,3,2,4,5,4,4,5,4,5,4,4,5,221,31,30,30,17,37,32,44
1058,4,4,3,2,4,4,4,4,4,2,2,2,3,4,4,4,4,2,4,4,4,4,4,4,4,4,4,4,4,4,2,2,2,4,2,2,1,2,4,4,4,3,3,4,3,3,4,4,4,2,4,4,4,2,2,4,2,2,5,4,5,4,5,4,4,4,2,4,232,33,31,40,21,36,30,41
1060,5,5,3,3,5,5,5,5,5,1,4,4,4,4,3,2,4,3,2,5,4,4,5,5,5,5,3,5,1,4,2,1,4,3,2,2,2,2,5,4,5,4,3,4,4,4,2,5,4,4,4,2,5,3,4,4,4,2,5,2,2,3,3,5,1,4,2,4,243,41,31,42,22,40,36,31
1061,2,5,2,5,3,4,2,2,4,1,2,1,2,3,5,4,4,2,5,5,2,5,4,4,4,5,5,4,4,4,1,1,4,1,2,1,2,2,5,4,5,4,4,4,4,5,2,3,4,1,3,3,4,2,4,5,4,2,4,4,4,1,4,5,4,5,2,2,225,29,29,42,18,40,32,35
1067,5,5,1,4,4,4,2,2,4,2,4,2,4,4,4,4,3,4,4,4,2,4,4,3,4,4,2,3,4,4,1,3,4,4,2,1,3,3,4,4,4,4,4,2,5,3,2,2,3,1,3,2,2,2,2,4,2,2,3,4,3,2,4,3,2,3,2,3,211,31,35,34,25,34,23,29
1071,3,4,2,4,2,3,4,2,2,1,2,1,2,2,4,3,4,4,4,3,3,4,4,1,3,4,4,3,3,4,2,2,1,3,2,1,3,3,5,3,4,3,3,3,3,3,2,5,3,1,3,2,4,2,2,4,1,2,4,4,3,2,4,4,1,4,2,2,194,26,27,32,21,34,24,30
1073,4,5,3,5,5,4,4,4,4,2,3,2,2,3,3,3,3,3,3,4,5,5,5,3,4,3,5,4,5,5,3,3,4,4,3,2,4,3,4,4,4,4,4,3,4,4,4,3,3,2,3,3,4,2,2,5,4,2,4,3,4,3,3,5,3,3,3,3,241,38,27,43,31,38,30,34
1076,2,4,3,4,2,4,3,4,2,1,3,4,4,4,2,4,2,2,4,3,4,4,4,4,5,3,4,3,4,4,2,3,4,2,2,1,2,2,4,2,4,2,4,4,3,4,2,3,3,3,3,4,3,2,2,4,3,1,4,4,4,2,4,4,3,2,2,5,212,28,30,38,22,32,28,34
1078,5,4,1,5,2,4,2,2,4,4,4,2,4,4,3,5,5,5,5,4,3,4,4,4,4,5,4,5,5,4,1,4,2,3,2,1,3,3,3,3,4,4,4,4,4,2,2,2,2,2,2,1,2,1,4,2,1,2,2,2,1,2,1,3,1,2,1,1,202,29,41,42,23,32,19,16
1079,1,1,1,1,1,4,2,2,4,2,4,3,3,3,2,5,3,2,3,1,3,4,2,1,3,1,3,4,2,4,2,3,3,2,2,1,2,1,4,1,4,3,3,3,4,4,2,3,2,1,2,3,5,2,2,4,1,3,5,4,2,2,4,5,1,4,2,3,179,17,30,24,20,31,25,32
1080,5,5,4,5,4,4,2,5,5,2,4,1,4,4,4,5,4,3,5,3,3,4,4,1,4,3,5,4,5,1,1,1,2,3,2,2,5,2,5,4,4,4,4,5,3,3,3,5,4,2,4,4,5,4,2,5,4,2,5,4,4,5,4,5,2,2,2,5,244,39,36,36,19,40,36,38
1082,4,5,2,5,4,5,4,2,5,2,4,4,4,4,1,2,4,4,1,5,4,4,4,4,4,4,4,4,4,4,2,3,4,2,4,2,4,4,5,4,5,4,4,4,4,5,4,5,4,4,4,4,4,4,2,5,5,2,5,5,5,4,4,5,4,4,4,5,263,36,30,41,29,44,38,45
1087,4,4,2,5,4,4,5,4,5,1,4,4,4,4,4,2,5,2,5,5,4,4,4,4,5,5,1,5,5,5,3,3,4,2,4,1,2,2,5,3,4,2,3,4,4,5,2,2,4,4,2,3,4,2,4,5,5,2,5,4,4,4,4,5,5,2,5,4,251,37,35,42,26,34,35,42
1089,3,5,2,4,1,2,2,2,2,2,4,3,4,1,2,2,3,2,3,1,1,2,2,1,1,1,1,4,2,4,2,1,4,2,4,1,3,2,1,1,1,3,3,4,4,3,3,1,2,1,2,1,5,4,2,1,1,3,1,2,1,1,2,2,4,2,2,2,153,23,26,16,23,24,22,19
1092,4,5,4,5,1,4,4,2,4,4,5,4,4,4,2,4,2,4,4,4,4,4,4,3,4,4,4,4,4,4,2,4,4,2,4,2,2,3,5,5,4,4,4,2,4,4,3,3,4,4,4,4,5,2,4,4,2,3,5,4,4,5,3,4,4,4,2,4,249,33,37,39,27,38,36,39
1093,3,5,1,5,2,4,4,4,4,1,2,1,2,1,3,3,4,2,5,2,3,5,3,3,4,2,5,4,3,4,3,2,3,2,2,2,3,1,5,4,4,4,3,4,4,4,4,5,4,1,4,5,5,1,2,3,3,2,5,4,5,2,5,5,2,3,4,5,223,32,24,34,22,41,30,40
1094,3,4,2,3,4,4,3,2,4,2,4,2,3,3,3,2,2,4,4,2,3,3,3,3,3,3,4,3,2,4,2,2,4,3,2,1,3,1,3,3,2,3,4,3,3,2,3,2,3,2,3,3,4,2,2,3,2,3,3,3,2,3,3,3,3,2,2,2,190,29,29,29,22,28,27,26
1095,3,3,1,5,4,4,3,4,4,1,4,1,2,3,3,4,3,4,5,1,2,4,3,3,3,4,4,2,4,4,2,3,1,2,4,2,2,1,5,4,4,3,4,4,4,3,4,4,3,1,2,2,3,3,2,3,1,2,3,3,2,1,3,3,2,4,1,4,199,31,30,30,21,39,22,26
1097,4,5,2,5,4,4,4,2,4,2,4,2,4,3,2,2,3,2,4,4,4,4,4,4,4,2,4,4,4,4,2,2,4,4,1,1,3,2,4,4,4,4,4,4,2,4,4,4,4,3,3,2,4,2,2,4,4,2,4,4,4,2,4,4,2,2,4,4,225,34,28,38,23,38,30,34
1098,5,5,2,5,3,4,4,4,4,2,4,3,4,2,4,2,3,4,5,4,4,4,4,3,5,4,4,5,5,4,2,4,4,3,1,1,4,3,2,3,5,4,4,5,4,4,4,4,3,1,4,4,4,2,5,4,4,1,5,4,5,1,4,4,3,2,5,5,246,36,33,42,26,39,32,38
1099,5,2,3,5,5,4,5,5,5,3,4,2,5,4,5,5,4,4,5,5,5,5,4,5,5,5,5,5,5,4,1,3,3,4,1,1,4,4,2,3,4,4,4,3,3,5,5,1,4,5,4,1,5,1,4,4,5,3,5,4,2,2,1,5,1,2,4,1,251,39,41,49,25,34,36,27
1100,5,5,2,5,5,4,4,4,5,2,4,3,3,2,4,2,4,2,3,5,3,4,4,3,5,4,4,4,4,4,2,3,3,3,2,4,3,3,3,2,4,3,2,2,4,4,4,4,2,1,2,3,4,5,2,4,2,4,4,4,4,3,4,4,4,3,3,4,233,39,29,40,27,32,29,37
1101,4,4,1,4,5,4,4,4,5,1,4,3,4,4,4,3,4,5,5,3,3,4,4,2,4,2,4,4,4,4,1,3,3,3,2,2,3,2,4,4,3,3,4,3,5,4,3,5,4,3,3,2,4,4,3,5,2,4,5,5,5,1,4,4,4,5,3,5,242,35,37,34,23,38,34,41
1105,5,5,4,5,5,4,2,2,5,2,5,4,5,4,2,2,2,1,2,4,4,4,4,2,4,4,2,2,4,5,2,4,5,1,4,1,2,2,4,4,5,4,5,5,2,5,2,4,4,4,5,5,4,1,2,5,5,1,5,5,5,5,5,5,4,3,2,5,246,37,29,34,26,40,36,44
1106,2,5,1,4,4,4,2,2,3,2,2,2,3,3,2,5,2,2,3,2,3,3,4,2,4,2,4,4,4,4,2,3,3,4,2,1,2,2,4,4,4,4,4,5,3,3,2,2,3,1,3,5,5,3,2,1,2,2,4,4,4,4,4,4,1,3,4,4,206,27,26,32,23,35,27,36
1107,4,5,4,5,5,5,5,5,5,2,4,3,4,4,5,3,5,3,3,5,5,5,5,3,5,5,5,5,5,5,2,4,5,4,3,1,4,3,5,4,5,5,4,3,5,5,4,5,2,3,3,4,5,2,3,5,5,2,4,2,2,3,2,5,1,4,3,5,268,43,36,48,31,45,34,31
1108,5,5,2,4,4,4,4,4,4,1,3,2,2,3,2,2,2,1,2,5,4,4,5,3,4,5,4,4,5,4,2,3,5,2,2,1,2,2,5,4,4,4,4,4,4,5,2,5,5,2,4,4,5,5,4,5,4,3,5,5,5,4,5,5,3,2,4,5,247,36,20,43,23,41,41,43
1112,4,4,2,5,4,4,3,4,4,4,4,3,4,4,4,4,4,4,4,3,3,4,4,4,4,4,2,3,4,4,2,2,4,3,2,1,2,2,4,4,4,4,4,4,3,4,4,4,4,3,4,4,5,2,2,4,2,2,4,4,4,3,3,4,3,4,4,3,237,34,39,35,22,39,32,36
1114,2,4,3,4,5,4,4,2,4,4,4,3,3,3,3,4,3,3,2,4,4,4,4,3,4,4,4,4,4,4,3,2,4,2,3,1,3,2,4,4,4,3,4,3,3,3,3,3,3,3,2,2,3,3,2,3,2,3,5,3,2,3,3,4,3,5,1,3,219,32,32,39,24,34,26,32
1115,5,5,2,5,5,5,5,5,5,1,5,4,5,4,4,4,4,4,5,4,3,5,4,3,4,4,4,4,4,2,3,4,3,1,2,2,1,2,5,4,4,4,5,4,5,5,4,1,3,2,4,5,5,4,4,5,5,5,4,5,5,1,4,5,1,4,2,2,257,42,40,39,20,41,42,33
1121,4,5,3,4,4,5,5,5,4,1,4,1,3,2,3,3,3,2,5,3,4,5,4,2,2,5,5,4,4,4,2,3,4,3,2,1,2,2,5,4,4,4,1,4,5,5,2,3,5,4,4,1,4,2,2,5,2,1,4,5,5,1,5,5,2,3,2,5,231,39,27,38,23,37,30,37
1122,2,4,3,5,2,4,2,3,4,2,4,3,4,3,3,4,3,2,4,4,2,3,3,2,4,4,3,3,4,2,2,2,2,2,2,1,3,2,4,4,3,3,3,3,3,4,2,3,2,1,2,2,3,4,3,2,2,3,3,4,2,3,4,3,4,2,2,4,198,29,32,32,18,32,24,31
1123,5,5,3,5,3,4,3,5,1,1,4,3,3,4,3,3,2,1,5,2,4,4,3,4,3,3,2,4,2,4,3,1,5,3,2,1,2,1,5,4,4,4,3,3,3,3,3,3,4,1,2,3,3,2,2,3,1,3,5,5,3,3,4,5,1,2,2,3,208,34,29,31,22,35,24,33
1125,4,4,2,4,5,4,4,2,5,1,4,4,4,4,4,2,2,4,5,4,2,4,4,2,4,4,5,4,4,4,3,4,3,4,4,2,5,2,5,4,4,4,4,4,5,2,4,5,4,4,2,4,1,4,4,2,4,2,5,4,4,4,4,5,4,5,4,5,252,34,34,37,31,41,31,44
1128,5,5,4,4,4,4,5,5,4,1,2,1,3,2,2,2,2,4,4,4,5,5,4,3,4,5,5,5,5,5,5,4,5,5,3,3,5,4,5,4,4,4,5,5,5,4,5,2,3,5,2,2,5,2,4,3,5,2,4,4,1,1,2,5,1,1,2,2,246,40,23,45,39,43,33,23
1129,5,3,2,2,4,4,4,3,3,1,3,4,4,4,5,3,2,2,2,5,4,5,5,3,5,5,5,3,4,5,3,4,5,2,2,2,3,2,5,2,5,3,3,4,4,5,4,4,3,1,3,4,4,2,2,4,2,2,4,4,3,3,4,4,2,5,4,4,235,30,30,44,28,39,27,37
1139,5,5,4,4,5,5,2,4,5,1,2,1,4,4,4,3,1,3,3,4,3,4,4,2,1,2,5,4,5,4,1,1,2,2,3,1,3,1,4,4,4,4,3,4,3,2,5,4,4,1,3,3,4,1,3,5,1,1,5,4,5,3,5,4,5,5,2,5,223,39,26,34,18,37,26,43
1142,3,3,2,3,3,3,5,4,2,1,5,1,2,3,4,4,2,3,4,3,3,5,3,2,5,4,5,3,4,4,3,3,3,4,2,1,3,2,4,1,1,3,3,4,3,3,2,5,4,1,3,1,3,2,3,5,1,3,4,4,4,1,4,4,3,2,2,5,207,28,29,37,25,29,26,33
1147,4,5,1,5,4,4,4,4,4,3,4,3,4,4,3,4,4,3,3,3,4,4,4,3,4,4,5,4,4,4,2,3,4,2,2,1,2,2,4,4,4,4,4,4,3,4,4,3,3,2,3,4,5,3,3,5,4,2,4,4,5,3,4,5,2,4,3,3,240,35,35,39,22,38,34,37
1148,4,5,2,5,4,4,2,4,4,2,4,3,4,3,4,2,4,2,4,2,1,4,3,2,2,2,1,2,2,3,2,3,3,2,2,2,3,2,4,4,4,4,2,4,3,3,3,4,2,1,2,2,4,3,2,3,4,3,4,4,4,3,4,4,2,2,2,4,203,34,32,21,22,35,26,33
1153,5,3,2,2,5,4,5,4,4,1,4,2,3,4,2,2,2,4,4,3,3,4,4,2,3,2,4,3,4,4,4,3,4,4,3,2,4,3,5,4,4,4,3,4,4,3,4,5,4,2,2,2,4,2,2,4,1,1,5,5,4,3,4,5,2,5,4,4,230,34,28,32,31,40,24,41
1155,2,5,2,5,2,4,2,5,4,4,4,1,4,4,4,4,5,4,5,2,2,4,4,2,4,2,4,4,4,4,1,1,2,4,4,2,1,2,4,4,4,4,4,4,4,4,4,5,1,3,4,4,4,4,4,5,4,4,4,4,4,3,4,5,4,5,2,5,241,31,39,32,21,41,37,40
1156,4,2,2,1,2,4,2,4,4,4,2,2,2,2,4,4,2,2,4,4,2,4,4,2,2,4,4,4,4,4,3,2,2,2,4,5,2,2,1,4,4,4,4,4,4,4,2,2,2,2,2,2,2,4,2,4,4,4,4,4,2,2,4,5,2,4,4,4,209,25,28,34,26,33,28,35
1157,5,5,4,5,4,5,5,5,5,4,3,3,5,3,3,3,4,4,2,4,3,3,4,1,4,3,3,2,3,3,3,3,4,5,4,3,4,3,5,5,5,5,4,4,3,5,5,5,5,4,3,4,1,2,2,5,5,2,4,5,4,2,4,5,1,5,3,5,256,43,34,30,32,46,33,38
1161,4,3,1,2,4,3,4,4,2,1,3,3,2,4,3,3,3,1,4,4,3,4,3,4,4,4,2,4,4,4,3,3,3,3,2,2,3,3,4,2,3,4,4,3,3,4,2,4,4,4,3,3,4,3,3,2,3,3,4,3,5,2,4,5,3,4,2,3,216,27,27,36,26,33,32,35
1162,5,5,5,5,5,5,4,4,4,1,5,4,5,4,1,2,1,1,5,5,3,4,5,4,1,4,4,2,4,5,2,1,4,3,2,1,4,2,5,5,4,4,5,5,4,4,4,5,5,5,5,5,5,2,4,5,5,1,5,2,2,2,4,5,2,1,4,4,249,42,29,36,24,45,42,31
1163,4,4,4,5,4,4,4,4,4,2,2,2,2,4,4,4,4,4,5,4,4,4,4,2,4,4,4,4,5,4,4,4,4,4,4,2,4,4,4,4,4,4,2,4,4,4,4,5,4,2,4,4,1,2,2,5,4,2,4,4,4,2,5,5,4,2,2,4,248,37,33,39,34,39,30,36
1164,5,5,4,5,4,4,5,5,4,4,4,1,2,4,5,4,4,3,4,3,2,5,4,3,2,3,5,4,5,4,3,3,3,4,2,3,3,3,4,3,3,2,3,4,2,3,3,1,2,2,4,2,4,4,2,4,4,2,5,2,4,4,3,4,5,3,4,4,236,41,35,36,28,28,30,38
1168,3,5,4,5,4,5,2,4,4,4,4,1,4,4,5,2,2,1,3,4,4,4,4,4,4,4,2,4,4,4,3,2,4,4,2,1,4,3,4,4,4,4,4,4,3,4,4,4,4,3,4,5,5,2,3,5,5,2,4,5,4,4,5,5,5,5,4,5,254,36,30,38,27,39,38,46
1170,2,4,1,3,2,3,2,2,2,4,3,1,3,3,2,2,3,3,3,5,2,4,4,4,4,5,4,4,4,2,1,2,3,3,2,1,2,2,3,3,3,2,2,3,4,2,2,2,3,1,2,2,4,2,2,4,4,3,4,4,3,4,3,4,4,5,2,3,195,21,27,40,18,26,27,36
1172,3,4,2,4,3,3,2,2,4,1,4,2,4,4,2,4,2,2,2,4,2,5,4,2,2,2,5,4,4,4,2,4,4,2,2,1,2,2,3,4,3,3,3,4,2,4,3,2,2,1,2,3,4,2,2,3,2,2,3,2,2,2,1,2,1,3,1,2,184,27,27,34,23,31,23,19
1173,4,5,3,5,5,4,5,5,4,4,5,4,5,5,1,4,2,2,5,3,4,4,4,2,4,2,5,2,5,5,3,3,4,4,4,1,4,2,5,5,4,4,4,4,2,5,4,5,5,5,4,4,5,4,4,5,5,2,4,5,5,2,4,4,2,5,3,5,266,40,37,35,30,42,43,39
1175,5,2,3,1,5,5,5,5,5,1,1,2,4,4,4,2,5,2,4,5,5,4,5,4,5,5,4,2,5,4,1,1,4,2,1,1,2,2,4,4,5,4,5,5,5,5,4,4,4,1,5,2,4,4,4,5,3,4,5,5,2,2,4,5,2,3,4,5,245,36,29,44,18,45,36,37
1180,5,5,4,5,2,4,4,4,4,1,4,2,4,1,4,2,4,2,4,2,2,3,4,4,4,4,2,4,4,4,2,4,3,3,2,2,4,3,4,5,4,4,4,4,5,4,5,4,4,1,1,2,2,4,2,2,1,2,4,2,2,2,4,4,1,4,3,2,217,37,28,33,27,43,21,28
1184,2,4,1,4,1,4,2,2,2,1,4,1,4,2,3,3,4,1,4,3,2,5,2,2,2,1,2,3,2,3,1,3,3,3,1,2,3,1,4,4,4,3,4,4,5,4,2,4,3,1,3,2,2,2,2,3,2,2,5,3,1,2,4,3,3,5,2,3,184,22,27,24,20,38,22,31
1188,4,5,3,5,4,4,4,5,4,2,2,1,3,3,4,3,3,2,4,4,2,4,4,2,2,2,4,4,2,4,2,3,3,2,2,1,2,2,4,5,4,4,3,3,3,4,4,3,4,4,4,4,4,2,2,4,4,2,4,4,5,3,5,4,4,3,2,5,226,38,27,30,21,37,34,39
1192,4,4,3,4,4,5,5,5,5,1,4,2,2,4,5,4,4,3,4,4,4,5,4,2,4,3,5,4,5,4,3,3,3,3,2,4,2,3,5,5,4,4,3,4,5,2,4,4,4,3,4,3,5,3,2,5,5,2,4,4,4,3,4,5,2,3,4,3,251,39,33,40,27,40,36,36
1193,4,4,3,3,4,4,4,3,2,1,3,3,4,4,4,3,3,2,5,4,4,4,4,3,3,3,5,4,4,4,4,3,4,3,2,2,3,3,4,4,5,3,3,4,4,3,3,3,4,4,4,4,5,3,2,5,3,2,4,4,4,3,4,4,4,4,2,4,238,31,32,38,28,36,36,37
1194,3,3,2,4,1,4,2,2,4,1,3,3,3,4,2,3,2,4,2,4,4,4,4,3,3,1,5,3,2,4,2,3,3,4,2,1,2,3,5,4,4,4,3,4,2,5,4,3,5,5,3,4,2,2,1,5,2,2,5,5,5,3,4,5,2,5,4,2,218,25,27,33,24,38,31,40
1195,2,4,4,4,4,4,4,3,2,2,2,1,3,3,2,4,2,2,4,4,2,4,4,2,3,4,5,2,4,4,1,1,3,3,2,1,4,2,4,4,4,4,3,4,5,4,4,5,4,2,2,3,3,2,2,4,4,1,4,4,3,1,4,5,4,5,5,4,218,31,25,34,21,41,27,39
1197,3,5,4,5,5,4,4,5,5,1,5,1,4,5,4,2,3,3,5,5,5,5,5,5,5,5,5,5,5,4,1,2,4,3,2,2,3,2,5,5,5,5,5,5,3,5,5,3,5,4,5,5,5,2,2,5,5,1,5,3,3,3,3,5,4,4,3,3,267,40,33,50,23,46,39,36
1204,4,5,2,5,2,4,3,2,2,1,4,1,2,2,1,4,1,2,1,2,2,2,2,1,1,1,2,2,1,2,2,3,4,1,1,1,2,3,5,4,2,4,4,3,4,5,4,5,2,1,2,3,5,2,2,4,1,1,4,4,4,2,3,2,1,3,3,2,174,29,19,16,19,40,23,28
1206,4,4,2,4,4,5,2,4,2,1,4,1,4,3,4,3,4,2,5,5,2,3,4,4,4,2,4,2,2,4,1,1,1,3,1,2,3,1,4,4,4,3,3,4,3,3,4,5,3,1,1,4,4,2,2,4,4,1,3,4,2,2,2,4,4,3,4,3,205,31,31,32,17,37,26,31
1208,4,4,4,5,2,5,4,5,5,5,5,5,5,5,5,5,5,5,5,4,3,5,4,2,4,4,5,2,4,2,2,2,4,2,2,1,3,2,3,4,5,4,4,4,5,5,5,5,4,1,1,2,3,4,4,4,1,2,4,2,2,2,4,4,1,3,2,4,243,38,50,37,20,44,26,28
1210,1,4,3,5,2,4,3,2,3,2,4,2,4,4,3,2,4,4,3,3,2,4,3,3,4,4,3,3,4,3,2,2,3,3,2,2,2,2,5,4,3,3,3,2,2,4,3,3,3,4,4,3,5,3,3,4,4,3,3,4,3,3,3,4,3,2,2,3,211,27,32,33,21,32,36,30
1213,1,3,2,3,3,2,2,1,1,1,2,1,4,1,2,2,2,2,4,4,3,4,4,4,4,4,2,3,4,2,2,3,4,1,2,2,1,2,3,4,4,3,3,4,4,4,2,4,2,1,2,3,4,2,2,5,4,2,2,4,3,2,4,3,4,4,2,4,188,18,21,36,19,35,27,32
1214,4,2,2,2,4,4,4,3,4,1,3,2,3,2,2,3,3,2,3,3,4,4,4,2,3,4,4,4,4,5,2,3,4,3,1,1,2,3,4,3,4,3,3,3,3,2,4,5,4,1,4,4,5,2,2,5,3,2,4,4,3,3,4,4,3,3,3,4,214,29,24,36,24,34,32,35
1216,5,5,4,5,5,5,2,2,4,2,4,2,4,4,2,2,1,4,4,5,4,5,5,4,5,2,5,4,4,4,5,2,2,4,2,1,3,2,5,4,5,5,4,5,5,4,5,3,4,5,4,5,5,4,4,3,4,1,5,4,1,1,4,2,1,5,2,3,246,37,29,43,25,45,39,28
1218,4,5,3,3,5,4,5,5,5,1,4,1,3,1,2,3,3,2,5,1,1,5,1,1,5,5,5,3,2,5,1,3,2,3,2,2,2,2,5,5,4,4,4,1,5,5,4,4,5,3,3,2,4,2,3,4,4,2,5,4,2,2,3,5,1,3,1,3,217,39,25,29,22,41,32,29
1219,2,4,2,5,4,4,3,3,4,1,4,2,4,3,3,4,2,2,4,3,3,4,3,2,2,2,4,2,4,4,2,3,2,4,3,1,3,2,4,4,4,4,4,4,5,4,4,4,3,1,4,2,2,2,2,4,3,2,3,3,3,2,3,4,2,2,2,4,207,31,29,29,24,41,25,28
1220,5,5,4,5,3,4,4,4,4,1,4,1,3,3,4,4,4,1,4,4,4,4,5,4,4,4,5,4,5,4,2,3,4,2,2,1,2,2,4,4,4,4,4,4,4,4,4,5,4,1,2,4,4,2,2,5,3,2,5,5,5,4,5,5,4,5,2,4,246,38,29,43,22,41,29,44
1222,5,4,1,4,4,4,5,5,5,2,4,2,4,4,5,5,4,2,5,4,4,4,4,3,3,4,5,4,4,3,2,2,2,3,2,1,3,2,4,4,4,3,3,4,4,5,4,5,5,4,5,4,4,2,4,5,4,2,5,4,2,3,4,5,2,5,4,3,249,37,37,39,20,40,39,37
1223,4,3,2,4,2,4,2,2,4,1,5,2,4,4,1,1,2,2,1,5,4,4,5,5,5,5,5,5,5,5,1,2,5,2,1,1,2,1,5,5,5,2,4,4,4,5,1,5,5,5,5,4,5,2,4,5,4,2,5,5,5,4,5,5,1,5,1,5,240,27,23,48,20,40,41,41
1228,3,4,3,4,2,4,2,2,4,3,2,2,3,2,2,3,2,3,5,5,3,4,3,3,2,3,5,2,4,3,1,2,2,3,2,1,2,1,5,3,4,4,3,4,5,4,4,5,5,2,4,4,5,1,2,5,3,1,4,5,5,2,5,5,2,4,4,5,220,28,27,34,17,41,32,41
1230,4,4,4,4,4,5,4,5,5,3,4,4,5,4,4,2,4,4,4,4,4,4,4,4,5,4,4,4,5,5,2,1,4,3,2,2,2,3,5,5,5,4,3,4,4,5,5,5,4,2,3,4,5,2,2,5,4,2,4,4,4,3,4,5,3,4,4,4,260,39,38,42,24,45,33,39
1233,5,3,3,4,4,4,4,5,2,1,4,1,4,5,4,2,5,1,1,4,4,4,4,4,5,5,5,4,5,5,2,4,4,4,2,2,4,2,5,4,4,3,3,3,2,3,2,5,4,2,4,4,4,2,2,5,5,2,4,4,4,3,5,4,3,4,4,4,242,34,28,44,29,34,34,39
1234,2,4,1,2,4,4,4,4,4,1,4,2,4,4,4,4,2,4,5,5,2,5,4,2,4,4,5,5,4,2,2,1,2,2,2,1,4,2,3,2,4,2,1,4,5,4,4,4,4,2,4,4,4,4,2,4,4,2,5,4,4,1,4,5,2,5,2,4,224,29,34,40,18,33,34,36
1238,4,5,3,5,4,5,4,4,5,2,4,4,4,4,5,4,5,4,5,4,4,4,4,3,4,4,5,4,4,5,2,3,3,4,2,2,4,3,5,5,5,4,4,4,5,4,4,5,4,1,4,4,4,2,2,4,4,2,4,4,3,2,4,4,2,4,4,4,259,39,41,40,28,45,31,35
1241,4,4,4,4,5,4,4,5,4,2,4,2,5,5,2,4,4,4,2,5,4,4,4,4,4,5,4,4,4,4,4,1,4,3,2,2,2,1,4,4,4,5,4,4,4,4,4,4,4,4,4,4,4,2,2,4,4,2,4,4,1,1,4,4,2,4,4,4,244,38,34,42,23,41,34,32
1242,1,5,3,5,3,4,4,2,5,4,4,3,4,3,2,2,4,2,3,4,3,5,4,3,2,3,5,4,5,4,3,3,3,3,3,2,3,3,4,5,4,3,4,4,3,4,5,5,3,1,2,3,5,3,3,4,1,2,4,4,5,5,4,4,4,4,3,5,238,32,31,38,27,41,27,42
1244,4,4,2,4,5,4,2,2,4,3,2,2,4,2,2,4,2,3,3,2,4,4,3,2,4,1,4,4,4,4,2,2,4,3,3,3,4,3,5,4,3,4,3,4,4,4,4,5,2,1,3,2,2,2,2,3,4,2,4,4,2,2,3,3,1,4,2,3,209,31,27,32,28,40,23,28
1245,4,5,3,5,5,5,5,5,5,4,4,4,4,2,3,2,4,4,2,5,4,4,4,4,4,4,4,2,5,5,4,1,4,5,2,1,5,2,5,5,5,5,5,4,2,5,5,5,5,5,4,5,5,4,2,2,4,4,5,5,5,3,4,3,4,5,4,5,273,42,33,40,29,46,40,43
1246,3,5,2,4,3,4,3,2,2,1,3,2,2,2,3,4,4,2,4,2,2,3,2,2,2,3,3,3,3,2,2,3,2,2,2,2,2,2,4,3,3,3,3,4,4,4,4,4,2,1,2,2,3,3,2,3,3,2,3,4,2,3,2,3,3,4,3,2,187,28,27,25,19,36,23,29
1248,2,2,2,4,2,5,2,2,4,4,4,2,4,4,3,4,4,5,4,4,4,5,4,4,3,4,1,4,5,5,3,3,4,3,2,2,3,2,4,3,4,3,4,3,3,4,4,3,4,2,4,3,5,2,3,4,5,3,4,4,4,3,4,4,3,3,2,4,233,25,38,38,27,35,35,35
1253,2,3,2,4,4,3,2,2,4,1,2,2,2,2,2,2,2,2,2,4,3,4,4,4,4,3,4,4,2,4,2,2,4,2,2,2,2,2,5,4,3,3,4,4,2,4,3,4,2,1,3,4,4,4,3,4,2,3,4,4,3,3,4,4,4,4,2,3,204,26,19,36,22,36,30,35
1256,4,5,4,5,4,4,4,4,4,2,2,2,4,4,5,5,4,5,5,5,5,5,5,5,5,5,5,5,5,5,2,4,4,2,2,2,3,3,4,5,5,5,5,5,4,5,5,5,4,2,4,4,5,2,2,5,5,2,5,5,5,4,4,5,2,5,5,4,280,38,38,50,27,48,35,44
1261,5,5,3,5,5,4,4,5,4,2,4,2,4,4,5,4,4,2,5,4,4,4,4,2,2,4,5,4,4,4,1,2,4,3,2,1,3,2,5,3,4,4,4,5,5,5,2,5,2,2,4,3,4,2,2,4,5,1,4,4,2,2,3,2,2,2,2,2,231,40,36,37,22,42,29,25
1262,5,5,2,5,4,4,5,5,2,5,5,4,5,5,1,5,5,5,5,5,5,5,5,4,5,5,5,5,5,5,3,4,4,4,4,2,4,4,5,4,4,4,2,4,2,4,2,4,2,5,4,2,4,4,4,5,2,4,4,5,5,2,5,5,4,3,3,2,274,37,45,49,34,35,36,38
1269,5,5,4,5,5,5,5,5,5,1,2,2,3,4,5,3,2,1,5,1,4,5,5,4,4,2,5,5,3,5,3,1,5,4,5,3,4,2,5,5,5,5,5,5,5,5,5,5,4,4,5,5,4,2,2,5,4,1,5,5,5,1,5,5,5,5,5,5,274,44,28,38,32,50,36,46
1272,2,5,4,5,2,4,3,2,5,2,2,4,4,4,2,4,2,4,4,4,3,5,4,2,4,4,4,4,4,4,2,4,4,2,2,1,2,2,4,5,4,4,4,4,4,4,4,3,3,1,3,4,4,2,2,4,2,2,4,5,4,2,5,4,4,4,2,4,230,32,32,38,23,40,27,38
1273,4,4,2,4,4,4,4,2,2,2,4,1,4,2,2,2,2,2,4,2,2,4,3,2,2,1,5,4,3,4,3,2,3,2,3,1,2,2,4,4,4,4,4,4,3,4,3,3,4,2,4,3,4,2,4,3,4,2,4,5,4,2,4,4,3,4,3,4,211,30,25,28,22,37,32,37
1277,4,5,4,2,4,5,4,4,4,1,2,2,2,4,5,5,4,4,5,4,3,5,5,4,4,4,4,4,4,4,2,4,4,2,2,1,2,2,2,2,4,5,5,4,3,4,4,3,3,1,2,4,4,3,4,2,4,2,4,5,4,3,3,4,3,3,1,2,231,36,34,41,23,36,29,32
1281,4,4,1,4,5,4,4,5,4,1,2,1,2,2,2,2,2,1,4,1,4,4,4,2,2,4,4,4,4,4,2,4,4,4,2,2,2,2,2,4,5,4,4,4,4,4,2,2,4,2,4,4,4,2,2,4,4,2,5,4,4,2,3,4,1,5,4,4,216,35,19,33,26,35,32,36
1282,3,5,4,5,4,4,5,5,3,4,5,5,3,4,2,4,2,5,3,5,5,5,5,4,5,5,5,2,5,3,4,4,4,3,4,1,3,4,5,5,4,4,4,1,2,5,5,5,4,3,3,3,5,4,4,5,5,4,3,4,5,2,5,4,2,3,2,5,266,38,37,46,30,40,40,35
1283,4,5,3,4,3,4,3,3,2,2,4,2,4,2,3,3,2,2,4,3,2,4,3,2,2,2,4,2,3,3,3,4,2,2,2,1,1,2,4,4,3,3,4,4,3,4,2,3,1,1,2,2,2,2,1,3,3,2,3,2,1,1,3,3,1,2,1,1,177,31,28,27,20,34,19,18
1285,2,4,2,4,2,4,2,2,4,4,4,1,2,4,2,4,4,4,4,2,3,4,2,3,4,2,4,2,4,4,2,4,1,2,3,2,2,3,4,3,4,3,2,4,2,2,2,3,4,3,2,3,5,2,2,4,5,2,3,4,4,4,4,4,3,3,3,4,209,26,33,30,23,29,32,36
1286,3,5,2,5,4,4,4,4,4,4,4,2,4,4,4,4,2,2,4,2,4,4,4,2,2,2,4,3,3,5,2,2,4,4,2,1,4,2,4,5,4,4,4,4,2,4,4,5,4,1,2,4,4,2,2,5,2,1,4,4,4,1,5,4,2,4,4,4,228,35,34,30,26,40,27,36
1288,4,5,4,5,3,5,5,4,5,5,5,1,5,4,5,3,4,5,5,5,3,5,5,2,5,4,5,2,4,5,1,1,2,2,1,1,3,2,5,4,3,4,4,4,3,3,4,5,4,1,2,5,5,3,4,5,3,1,5,4,5,1,4,5,1,3,2,4,246,40,42,40,18,39,33,34
1289,4,5,1,5,4,5,5,5,5,1,4,1,1,4,3,2,5,1,4,4,3,2,4,4,4,3,2,5,4,5,4,4,4,4,2,3,4,4,1,5,5,4,4,4,5,4,5,5,5,2,3,4,4,2,4,2,4,2,5,5,4,1,3,5,2,5,2,3,243,39,26,35,34,42,32,35
1292,4,4,3,5,4,4,4,4,4,2,4,4,4,4,3,2,2,3,4,4,3,4,4,4,4,4,2,4,3,4,3,3,2,4,2,2,4,3,5,4,4,2,2,4,5,3,4,2,4,1,4,4,4,2,2,4,4,2,4,4,2,2,2,4,2,4,4,2,227,36,32,36,27,35,31,30
1293,5,5,3,4,5,5,4,4,4,1,2,3,2,3,3,2,2,1,4,1,3,4,4,2,3,2,4,4,4,4,4,3,3,3,3,3,3,3,5,4,5,4,3,4,5,4,4,5,3,1,4,3,4,2,2,4,1,2,4,2,3,2,2,4,2,3,4,2,219,39,23,31,29,43,26,28
1295,3,4,2,4,4,4,4,4,4,1,3,2,4,2,4,4,4,2,4,4,2,4,4,3,4,3,4,4,4,3,3,2,3,3,3,1,3,3,4,4,4,3,4,4,4,4,4,5,4,1,3,3,4,3,3,4,1,2,4,4,4,3,4,4,4,5,4,3,230,33,30,36,24,40,28,39
1300,5,4,3,5,4,5,4,5,2,5,2,3,4,4,4,2,4,5,5,4,3,5,5,2,2,5,3,4,2,3,2,3,3,4,4,1,1,1,4,4,5,5,4,4,3,4,4,5,4,1,4,4,1,4,1,5,1,2,4,5,2,2,3,4,2,4,4,2,233,37,38,35,22,42,27,32
1306,4,4,1,4,4,4,2,2,3,1,2,1,4,2,2,4,1,2,3,4,2,4,4,2,3,2,3,3,4,4,2,2,4,2,2,2,2,2,5,3,4,4,3,4,3,3,2,5,2,1,3,3,4,1,1,2,2,1,4,4,2,2,2,4,1,4,1,3,186,28,22,31,22,36,20,27
1307,3,5,1,5,3,4,3,3,4,1,4,1,4,2,1,3,2,2,4,4,3,4,3,4,2,4,5,2,1,4,3,3,4,3,3,1,3,2,5,4,5,3,3,3,5,4,3,2,4,3,4,4,4,1,2,3,5,1,5,4,4,1,3,5,1,4,2,1,211,31,24,32,26,37,31,30
1310,4,4,3,5,4,4,4,2,4,2,4,2,4,4,2,2,2,2,1,5,4,4,4,4,2,4,2,4,5,4,3,4,4,4,2,2,4,2,1,4,4,4,4,4,3,4,2,2,4,4,4,4,5,4,4,4,4,2,4,5,5,4,5,4,4,4,2,4,238,34,25,38,29,32,39,41
1313,5,5,1,5,4,4,4,4,4,1,4,3,4,4,2,2,2,4,2,4,4,4,4,4,4,4,4,3,4,4,2,3,4,4,2,1,3,2,4,4,4,4,4,2,4,4,3,3,4,3,4,2,5,2,4,5,4,2,4,4,4,2,5,5,1,1,2,4,231,36,28,39,25,36,35,32
1316,4,5,1,5,4,4,4,4,4,5,4,2,2,4,4,5,4,5,5,4,4,5,5,2,4,4,4,4,4,4,1,3,4,2,1,1,3,3,4,4,4,4,3,4,3,5,4,4,3,1,4,4,1,4,4,5,1,2,4,2,4,2,5,5,4,4,2,5,242,35,40,40,22,39,29,37
1317,4,4,1,4,1,4,2,3,2,1,4,2,4,1,1,3,2,1,2,4,4,4,5,3,5,4,5,4,5,4,2,3,3,2,1,1,2,1,3,2,4,2,2,3,2,3,2,2,2,1,3,3,3,1,3,3,3,2,4,2,3,2,3,3,1,3,2,2,182,25,21,43,19,25,24,25
1319,4,4,2,5,4,5,5,5,5,1,4,3,4,4,2,2,2,2,5,1,2,5,2,1,3,1,5,3,4,4,3,1,3,4,4,2,2,2,5,4,4,4,2,4,5,2,4,5,5,4,4,3,4,2,2,3,4,2,5,4,4,2,2,5,2,5,4,4,229,39,29,27,25,39,33,37
1322,5,5,1,5,5,5,5,5,5,2,4,2,5,5,5,4,5,4,5,2,4,5,5,2,4,5,5,4,1,5,1,3,3,2,2,2,2,2,5,5,4,4,4,4,2,2,3,5,4,2,4,4,5,2,4,5,5,1,5,5,5,2,5,5,1,5,4,5,257,41,41,37,22,38,36,42
1323,5,5,3,5,5,4,5,5,5,3,3,3,3,4,3,2,3,4,3,4,4,4,4,3,3,4,5,1,5,4,3,3,3,4,3,3,4,3,5,5,4,5,4,3,5,3,5,5,4,4,5,3,5,2,2,2,3,2,5,4,2,2,3,5,2,5,4,3,251,42,31,37,30,44,32,35
1324,4,5,4,5,5,5,4,5,5,4,4,4,4,4,3,4,4,4,5,1,4,5,4,2,2,4,4,4,4,4,4,3,4,4,3,3,3,4,5,4,5,4,4,4,5,4,4,3,5,5,5,4,5,4,2,4,5,2,5,5,5,5,4,5,4,5,4,4,277,42,40,34,32,42,41,46
1325,4,5,3,5,5,5,4,5,4,2,4,2,5,4,5,4,4,4,4,4,3,4,4,2,3,2,4,3,3,4,2,2,3,2,2,1,2,2,5,5,4,4,4,5,2,4,3,2,4,3,4,4,5,2,2,5,5,2,4,5,4,3,5,4,4,4,3,4,244,40,38,32,20,38,36,40
1328,5,4,4,4,5,5,5,5,5,1,2,2,2,2,4,4,4,1,4,5,5,5,5,5,5,5,5,4,5,5,2,4,5,3,2,1,3,2,5,4,5,4,5,5,5,5,4,4,4,1,2,4,4,1,4,5,1,1,5,5,2,2,4,5,1,2,4,4,251,42,26,49,27,46,27,34
1329,4,5,2,5,4,4,2,2,2,1,2,2,4,4,2,2,2,1,1,4,4,4,4,2,4,4,4,4,4,4,4,2,5,2,1,1,3,1,1,4,4,4,4,5,2,5,4,2,4,1,4,4,4,2,2,4,4,2,5,4,4,4,4,5,4,5,2,4,219,30,21,38,23,35,31,41
1330,2,5,4,5,2,3,2,2,2,1,4,3,4,3,2,2,3,3,2,2,3,4,4,3,4,3,2,4,5,4,3,4,3,3,2,2,2,2,5,4,2,4,3,4,3,4,4,2,4,1,4,4,4,1,2,3,4,1,3,2,3,3,4,4,1,5,2,2,205,27,27,34,25,35,28,29
1332,5,3,1,3,3,3,2,2,3,2,4,1,4,4,2,4,3,2,3,4,2,4,2,3,4,4,3,4,2,4,2,2,3,3,2,1,2,1,2,4,3,3,3,4,3,2,2,4,2,1,3,3,3,2,2,4,1,2,4,4,2,4,2,4,4,3,2,3,191,25,29,32,20,30,23,32
1333,5,2,4,3,3,4,4,4,4,2,5,4,4,4,1,1,1,4,2,4,4,1,4,4,4,4,4,1,4,4,3,3,2,4,4,3,3,3,5,3,4,2,3,2,2,4,2,2,5,5,5,4,4,5,4,4,5,5,5,4,4,4,5,4,3,4,3,4,239,33,28,34,29,29,46,40
1334,4,5,3,5,5,5,1,3,5,2,4,1,3,4,2,4,4,4,5,3,3,5,3,3,4,3,3,5,3,4,3,3,3,4,3,2,2,2,5,5,4,4,4,4,3,5,4,5,4,1,2,4,5,2,4,5,3,2,4,3,3,2,3,5,3,5,4,3,240,36,33,35,26,43,32,35
1342,2,5,4,5,4,4,2,2,4,4,2,1,2,1,3,4,2,3,4,4,3,4,4,2,2,4,2,4,2,4,3,4,4,5,2,2,1,3,5,4,4,3,3,5,5,5,4,4,2,1,1,2,2,1,1,4,4,2,4,4,1,1,2,3,1,4,3,2,204,32,26,31,28,42,20,25
1343,3,5,4,5,5,4,5,5,4,4,4,2,4,5,4,4,4,4,4,4,4,4,5,4,5,5,5,4,4,2,2,1,4,3,2,1,1,1,4,4,4,4,3,4,4,4,4,4,4,1,2,4,4,1,1,4,4,1,4,5,4,4,4,5,4,3,4,3,245,40,39,44,17,39,26,40
1346,4,3,2,2,5,5,3,5,5,1,3,2,3,2,2,3,3,2,3,1,4,5,3,2,4,3,3,2,4,4,3,3,2,3,3,1,3,2,5,5,5,4,4,4,4,5,4,3,3,1,3,4,4,2,4,5,5,2,5,5,3,4,4,5,2,5,3,3,228,34,24,31,24,43,33,39
1351,1,4,1,5,1,3,2,1,3,1,4,2,3,3,3,4,2,4,3,3,2,4,2,1,3,2,1,3,2,4,3,3,3,3,2,3,3,3,4,3,4,4,3,4,3,3,4,4,3,1,2,3,3,1,2,3,1,1,4,3,2,1,3,2,1,3,2,4,181,21,29,23,27,36,20,25
1355,3,5,1,5,5,5,5,5,5,4,3,1,4,4,3,4,2,2,5,1,3,5,3,1,5,1,5,4,4,5,3,3,3,4,3,2,3,3,5,5,5,5,5,5,5,4,4,5,5,1,4,4,5,4,2,5,5,2,5,5,5,2,3,5,1,2,2,5,252,39,32,32,29,48,37,35
1356,4,5,2,5,4,4,4,4,4,1,1,2,4,4,4,4,4,4,2,5,2,4,4,2,5,4,4,4,4,4,3,1,4,3,3,3,3,3,4,4,4,4,2,4,4,5,2,4,2,1,4,2,1,2,3,5,1,1,4,4,4,4,4,4,3,4,3,5,229,36,30,38,27,37,22,39
1359,5,5,5,5,5,5,4,5,5,3,5,3,4,4,5,5,5,5,5,5,3,3,4,3,3,5,5,3,4,3,5,3,3,4,2,1,3,2,5,3,5,5,5,4,5,5,5,3,5,5,4,3,5,1,3,5,5,1,4,5,4,2,4,5,1,3,1,3,266,44,44,38,26,45,37,32
1360,4,5,1,4,5,4,4,4,4,1,4,4,4,4,4,4,4,2,4,4,4,4,4,3,4,4,4,4,4,4,4,4,4,4,4,1,4,2,5,5,4,4,4,4,4,4,4,4,4,2,2,4,4,2,2,4,5,2,4,4,2,2,2,4,2,4,2,2,241,35,35,39,31,42,31,28
1361,4,5,4,5,4,4,5,4,4,4,4,2,4,4,4,4,4,4,5,5,4,4,4,4,5,5,4,4,4,4,4,3,4,2,2,1,2,1,5,5,5,4,4,5,5,5,5,4,4,4,4,4,5,2,2,5,5,1,4,5,4,4,5,4,4,4,2,5,268,39,39,43,23,47,36,41
1364,4,5,3,4,5,4,5,4,4,1,4,1,4,2,2,2,4,2,3,4,3,4,4,3,2,3,5,5,4,5,1,2,4,2,2,1,2,3,1,1,4,4,3,4,5,4,4,5,4,2,4,2,5,2,2,4,4,2,4,4,4,3,4,4,2,5,2,3,223,38,25,37,22,35,31,35
1369,2,5,3,4,1,5,3,2,4,2,4,1,3,3,4,4,3,3,5,3,3,4,3,1,4,5,5,3,4,3,1,3,2,2,2,2,1,2,4,4,4,4,3,3,4,4,4,4,3,1,2,3,5,2,2,4,2,2,5,4,4,2,3,5,2,4,5,4,216,29,32,35,18,38,26,38
1370,3,5,3,5,4,5,2,2,5,4,3,2,2,2,2,2,2,2,5,4,2,4,4,4,4,3,4,2,4,4,1,2,2,3,2,2,3,2,5,4,4,4,3,4,4,5,3,5,4,2,4,4,4,2,2,4,4,2,4,4,4,3,4,4,4,5,3,4,228,34,26,35,21,41,32,39
1371,5,5,5,4,5,5,5,5,5,4,4,4,4,4,2,2,4,2,3,3,5,4,4,4,5,3,4,4,4,4,1,2,4,4,2,1,4,4,1,4,4,4,4,3,4,4,4,5,4,5,4,5,5,4,4,5,5,4,4,4,3,2,4,4,4,4,2,4,260,44,33,40,26,37,45,35
1372,5,5,3,5,4,5,4,5,5,4,3,4,4,4,4,4,4,4,4,4,3,4,4,3,4,3,4,2,2,4,2,3,3,4,2,2,4,3,4,4,4,4,4,3,2,2,5,4,1,4,3,3,4,3,3,3,4,2,5,4,4,2,4,5,1,4,3,3,241,41,39,33,27,36,30,35
1374,5,5,1,5,5,5,5,5,5,1,4,1,3,4,2,4,2,1,3,5,4,5,5,4,5,5,5,4,4,4,1,3,2,2,1,1,4,1,5,4,5,4,4,4,5,4,2,5,4,2,2,4,4,1,2,2,5,1,5,2,2,1,4,4,1,5,4,1,229,41,25,46,19,42,27,29
1375,3,5,5,4,4,4,2,4,4,1,3,2,3,3,3,3,2,2,5,3,3,4,4,3,4,3,4,4,4,4,4,3,3,3,2,2,4,2,5,4,4,4,4,3,5,2,4,5,4,1,2,4,4,2,4,3,3,3,5,3,4,3,4,5,2,3,4,3,231,35,27,36,27,40,30,36
1379,3,4,2,2,3,3,2,3,3,1,2,2,3,2,2,2,3,4,4,2,2,3,2,2,3,3,4,4,2,3,2,2,3,2,3,2,3,2,4,3,3,3,4,3,3,4,3,3,3,1,2,3,3,2,2,3,2,2,4,4,3,2,3,4,3,4,2,3,187,25,25,27,22,33,23,32
1381,4,4,3,5,2,4,4,4,5,4,3,2,4,3,4,4,4,4,5,3,1,4,2,1,3,2,4,3,3,3,3,1,2,3,3,2,2,2,5,4,2,3,4,4,2,2,3,5,2,1,3,2,1,2,4,4,3,3,4,5,2,1,4,4,2,4,5,4,213,35,37,26,21,34,25,35
1382,3,5,4,4,2,5,5,4,4,3,5,4,4,4,3,4,3,2,3,3,3,4,4,1,2,2,4,3,3,4,3,3,4,3,3,1,4,3,5,3,4,3,4,1,3,2,2,3,2,2,2,3,2,2,2,3,5,3,3,3,3,2,3,2,4,2,2,2,210,36,35,29,28,30,26,26
1386,4,5,3,5,2,4,2,5,5,1,4,4,4,4,3,2,4,2,5,1,2,5,4,1,2,2,5,3,3,4,3,1,4,3,1,1,2,2,5,4,4,4,4,3,4,5,5,1,3,1,4,5,4,2,2,5,1,2,5,5,4,2,4,4,3,5,3,4,224,35,33,28,21,39,29,39
1388,3,4,2,3,5,5,3,5,5,3,3,1,5,3,5,3,2,1,3,3,1,5,5,1,3,1,5,4,3,2,3,1,5,2,2,1,2,2,5,4,5,5,5,5,4,5,3,5,3,2,4,3,5,2,4,1,5,1,4,5,4,2,2,5,3,4,3,5,228,35,29,31,20,46,30,37
1394,2,5,3,5,3,4,2,2,2,4,4,3,5,4,1,2,2,2,1,4,3,4,4,1,2,4,3,2,4,3,3,3,3,2,5,2,3,3,5,4,4,4,3,2,3,3,3,5,5,5,4,4,4,4,3,5,5,2,5,4,4,4,5,5,3,5,2,5,233,28,28,31,27,36,41,42
1397,4,5,3,5,5,4,4,4,4,1,3,2,4,4,1,1,4,1,2,4,4,4,4,2,4,4,4,4,4,4,4,4,4,3,3,2,4,3,4,4,4,4,4,4,4,5,2,2,5,5,4,2,5,2,4,4,5,2,4,5,2,2,3,5,2,3,2,3,236,38,23,38,31,37,38,31
1398,4,5,2,5,1,5,2,2,5,4,4,4,4,4,5,5,4,4,5,5,5,4,4,4,4,5,5,4,5,4,1,2,3,2,1,2,4,2,4,5,4,5,5,4,2,4,4,1,4,5,4,3,5,2,4,4,5,3,3,4,2,2,4,4,1,1,2,2,242,31,43,45,21,38,39,25
1399,4,5,2,5,5,4,5,5,4,3,4,2,3,4,4,4,4,4,4,4,4,5,5,4,4,4,4,4,4,4,4,4,4,3,4,3,3,3,5,4,5,3,3,4,3,2,3,4,4,3,4,4,5,3,3,5,4,3,4,4,4,2,3,4,2,4,3,4,257,39,36,42,32,36,38,34
1401,4,5,4,5,5,5,2,4,4,3,4,2,4,3,2,4,3,2,2,4,2,4,4,2,4,2,4,2,4,5,2,2,4,3,2,1,3,2,5,4,4,4,4,4,4,4,4,3,4,5,4,4,5,3,2,5,5,2,4,4,4,3,3,4,2,4,3,4,237,38,29,32,24,40,39,35
1405,4,5,2,5,5,5,4,4,5,2,4,2,2,3,2,4,4,2,5,4,2,4,3,2,2,4,5,4,3,4,2,1,2,3,2,2,4,2,4,4,5,4,4,4,5,5,5,2,4,1,2,4,4,2,4,5,2,1,4,4,4,2,4,5,2,4,2,4,230,39,30,33,22,42,29,35
1409,2,5,4,5,5,5,4,4,5,4,4,2,5,4,2,4,4,2,4,4,4,4,4,2,2,4,4,4,4,4,2,3,4,2,2,1,4,2,5,5,5,5,4,4,5,5,4,5,4,4,5,4,5,2,2,5,4,2,3,5,4,2,5,5,4,5,4,4,259,39,35,36,24,47,37,41
1411,5,4,4,5,5,5,5,5,4,2,4,4,5,4,4,2,2,2,4,5,4,4,5,4,4,4,5,4,5,5,4,4,4,1,2,2,2,2,5,5,5,5,5,5,5,5,2,5,4,4,3,2,5,2,2,5,5,1,4,5,4,2,5,5,4,5,2,4,265,42,33,44,26,47,33,40
1416,4,5,3,5,5,5,2,2,5,4,5,3,4,2,5,3,2,4,5,3,2,4,4,2,2,2,4,4,2,4,2,3,4,4,3,2,4,4,4,4,4,4,4,4,3,5,5,5,4,4,3,3,4,2,2,4,5,2,4,4,1,4,4,5,2,5,2,2,240,36,37,29,30,42,33,33
1417,5,4,3,4,3,4,2,3,3,3,4,1,4,4,2,4,3,4,5,4,3,5,3,3,1,1,2,2,1,4,1,4,3,1,3,1,2,2,5,4,4,4,3,4,5,4,5,3,3,1,4,4,4,1,5,4,4,1,4,1,4,1,4,2,1,3,1,2,206,31,34,25,21,41,31,23
1423,2,4,1,2,2,2,2,2,2,1,2,1,3,2,2,4,2,2,5,4,3,5,4,2,4,2,3,2,2,2,1,1,2,1,1,1,1,1,4,4,3,2,2,4,3,4,2,2,3,1,3,2,5,2,2,5,1,1,4,3,2,1,2,3,1,2,2,2,162,19,24,31,11,30,25,22
1427,4,4,2,4,4,4,2,4,4,3,4,2,3,3,3,4,4,3,4,2,3,4,2,2,2,2,4,2,3,4,2,3,4,4,3,2,2,2,5,4,4,4,4,4,3,2,3,4,2,3,4,2,4,4,3,4,3,3,4,3,2,2,4,4,2,4,4,3,218,32,33,26,26,37,32,32
1428,4,5,3,5,4,5,4,5,4,2,4,2,4,3,4,4,4,4,5,4,4,4,4,2,4,4,4,4,4,3,2,2,4,2,1,1,1,2,4,4,4,5,3,5,4,4,4,3,3,2,2,3,3,4,3,4,4,3,3,2,2,3,3,4,1,2,4,3,229,39,36,38,18,40,31,27
1429,5,5,2,5,5,5,5,5,4,3,4,4,5,4,4,2,4,4,3,5,4,5,4,3,5,4,5,4,4,5,4,4,5,2,3,3,4,4,5,4,5,4,5,4,5,4,4,5,4,4,5,4,5,2,4,5,5,2,5,4,4,2,4,5,2,3,4,5,278,41,37,43,34,45,40,38
1430,4,5,2,5,4,5,5,5,5,1,2,4,4,1,3,4,2,4,4,1,2,5,4,1,2,5,4,3,4,4,2,2,4,4,3,2,4,2,5,5,5,4,4,5,5,5,4,5,5,4,2,3,5,2,3,5,5,2,5,5,1,1,3,5,2,3,4,2,241,40,29,31,27,47,36,31
1431,5,4,2,4,3,4,4,5,4,2,4,2,3,2,4,3,2,2,5,3,2,4,4,2,2,1,4,4,4,4,4,4,3,4,3,2,3,3,4,4,4,3,4,4,4,4,4,5,4,2,3,3,4,4,3,5,4,4,3,3,4,3,3,4,4,4,2,4,234,35,29,30,30,40,36,34
1432,4,4,2,4,4,4,4,2,4,3,5,2,4,2,4,2,2,2,4,2,3,4,2,1,3,2,2,3,4,4,3,3,4,3,4,2,3,3,5,4,4,4,4,5,5,1,4,4,4,2,4,4,1,2,2,5,4,2,4,4,4,3,4,4,4,4,2,4,224,32,30,26,29,40,30,37
1433,2,5,2,5,4,5,4,4,5,1,1,1,1,3,2,4,3,1,3,5,4,4,5,2,4,4,5,4,4,4,4,2,4,3,4,2,4,4,5,4,4,2,4,3,3,3,2,5,4,1,3,4,5,1,1,5,2,1,5,4,4,3,5,5,1,5,3,5,230,36,20,41,31,35,27,40
1434,5,5,2,4,5,5,5,5,4,4,3,2,2,4,4,4,5,4,2,5,4,5,5,4,5,4,5,3,5,4,2,2,4,2,2,1,1,2,4,4,4,4,4,3,4,4,4,3,4,1,3,4,4,1,3,4,4,1,5,4,1,3,4,5,4,2,4,4,242,40,34,45,20,38,29,36
1435,3,5,1,5,5,4,1,5,4,1,2,1,4,2,2,4,3,2,4,4,2,4,3,1,2,1,4,4,4,4,1,2,3,3,2,1,1,1,5,3,4,3,2,4,4,4,3,4,4,2,3,4,4,1,3,5,1,1,5,4,5,3,5,5,2,5,4,1,208,33,25,29,18,36,28,39
1436,4,3,3,4,5,4,4,4,4,2,2,2,4,3,3,3,2,2,3,4,3,5,4,2,4,4,4,4,4,3,4,2,4,3,3,1,3,3,5,4,4,4,4,5,4,4,4,5,4,3,3,3,4,2,1,4,5,1,4,4,5,1,4,5,2,5,3,3,234,35,26,38,26,43,30,36
1437,4,5,2,5,5,5,2,5,5,1,2,1,1,4,2,4,3,2,5,4,2,4,4,1,5,5,5,5,4,5,1,1,3,2,1,1,1,1,2,5,5,4,3,5,2,4,4,2,3,2,2,4,3,1,1,5,5,1,5,5,4,4,5,5,5,5,2,5,226,38,25,39,16,36,27,45
1438,4,5,4,5,5,4,4,4,4,1,4,4,4,4,4,4,4,4,4,4,4,4,4,4,4,4,1,2,2,4,2,2,4,3,4,1,4,2,5,5,4,5,5,5,5,5,4,5,5,2,5,4,5,2,2,5,4,2,5,5,4,4,4,5,4,5,4,5,264,39,37,33,26,48,36,45
1443,4,5,4,5,5,5,5,5,5,2,5,2,5,3,4,4,4,4,5,2,3,5,3,3,4,4,5,4,2,5,3,4,4,5,3,2,4,2,5,5,5,4,4,2,5,4,4,4,5,5,4,5,5,4,4,5,5,2,5,5,5,4,5,5,5,4,5,5,282,43,38,35,32,42,44,48
1444,4,2,1,5,4,4,3,2,3,1,4,1,1,3,3,3,3,2,4,4,3,5,3,2,1,3,4,2,4,4,2,3,3,3,3,2,2,2,4,4,4,4,4,3,5,4,3,5,3,1,3,1,4,2,2,4,3,2,4,5,2,2,3,5,3,4,1,3,205,28,25,31,24,40,25,32
1445,5,5,4,5,5,5,4,5,4,2,4,1,3,3,4,4,3,4,4,4,4,4,4,4,4,3,4,3,4,5,2,3,4,1,1,1,1,1,4,5,4,3,3,3,5,4,3,3,4,2,2,3,4,1,3,4,1,1,4,2,2,2,3,4,1,1,4,3,219,42,32,38,19,37,25,26
1446,3,5,3,5,4,5,4,4,4,3,2,2,4,2,2,2,3,2,4,4,4,4,4,2,4,2,4,2,4,4,2,4,4,2,2,1,2,2,5,5,4,4,4,4,4,4,4,4,4,2,4,4,5,2,2,4,5,2,4,4,4,4,4,4,2,4,2,4,232,37,26,34,23,42,34,36
1449,4,4,2,5,5,4,2,4,4,1,4,3,5,3,2,2,2,2,2,4,4,5,4,2,4,2,4,4,5,4,2,2,3,4,2,1,4,2,5,4,4,4,4,4,3,4,2,3,4,4,4,4,4,2,4,4,4,2,5,5,3,2,3,5,1,4,4,4,231,34,26,38,24,37,36,36
1457,2,5,3,5,1,4,2,3,4,2,4,2,3,2,4,4,3,5,4,2,1,5,2,4,5,4,3,3,3,5,2,5,2,2,1,1,2,2,5,4,2,3,3,3,3,3,4,5,2,1,2,3,2,3,2,2,2,3,3,2,1,1,2,4,1,4,2,1,194,29,33,32,22,35,22,21
1458,2,3,2,4,3,2,1,2,2,1,4,4,4,3,1,2,2,2,3,4,3,4,3,3,4,3,4,2,4,3,3,1,3,3,5,3,4,3,4,2,4,3,3,3,3,3,2,5,3,3,4,3,4,3,3,5,5,4,4,4,3,1,3,4,3,5,3,3,211,21,26,34,28,32,37,33
1459,4,4,2,4,5,4,5,2,4,5,4,4,4,4,4,5,4,4,5,4,3,2,4,4,4,4,5,4,5,2,2,2,2,2,2,2,2,2,5,5,4,4,4,2,4,5,4,5,4,4,2,4,4,2,4,5,5,2,4,4,2,1,2,4,2,4,4,4,243,34,43,39,18,42,36,31
1462,4,5,1,4,4,4,2,2,4,4,4,1,4,4,2,3,4,2,4,1,2,4,4,2,4,1,3,3,3,2,3,2,4,1,1,1,2,2,4,4,4,3,4,4,4,4,4,3,4,1,2,4,5,1,2,4,4,3,4,4,4,2,4,4,2,4,3,4,210,30,32,27,18,38,30,35
1465,4,5,3,5,4,4,4,3,2,4,2,3,4,3,3,4,4,5,4,3,2,4,3,3,3,2,2,4,4,4,2,4,1,4,3,2,4,2,4,4,4,4,5,4,3,4,5,4,2,1,2,4,4,2,2,4,5,4,4,4,4,4,5,4,4,4,4,4,238,34,36,30,26,41,30,41
1466,3,4,4,4,4,3,4,2,2,4,4,1,4,2,2,4,5,4,4,4,2,4,2,2,4,2,4,2,3,4,3,3,2,3,3,2,3,4,5,4,3,2,2,4,3,4,4,5,3,2,3,3,4,3,3,3,2,2,3,4,2,2,3,3,2,3,2,3,211,30,34,29,27,36,28,27
1472,3,4,3,4,3,3,3,4,4,1,3,2,4,3,3,3,3,2,3,4,3,5,4,2,4,3,4,4,3,4,3,2,3,2,3,2,3,2,4,4,4,2,4,4,3,4,3,4,3,2,3,4,4,2,3,5,3,2,3,4,4,4,4,5,5,5,3,4,226,31,27,36,24,36,31,41
1473,1,5,4,5,2,4,2,2,4,4,4,4,4,2,2,4,2,4,5,4,4,4,4,2,5,4,4,4,3,4,1,2,4,2,4,2,2,2,4,4,2,3,3,4,2,3,4,3,3,4,2,2,4,4,4,2,2,2,4,4,4,1,4,4,1,4,2,4,218,29,35,38,23,32,29,32
1475,4,5,4,5,5,4,2,4,4,1,4,4,4,4,2,2,2,2,2,5,4,4,4,4,4,4,5,2,5,4,2,2,3,3,2,1,2,2,5,4,4,5,4,2,3,4,4,5,4,1,3,3,4,2,2,5,2,2,5,4,5,2,4,5,4,4,2,5,234,37,27,41,21,40,28,40
1479,2,5,1,4,3,4,4,4,4,1,4,2,4,4,4,2,3,1,4,1,3,5,5,1,2,1,5,5,4,4,2,1,3,2,1,1,2,1,4,5,5,2,3,5,4,4,4,3,3,1,4,2,1,2,1,5,4,1,4,5,4,4,5,5,2,5,1,4,211,31,29,32,17,39,24,39
1483,4,5,2,5,5,4,4,4,3,1,3,2,2,2,4,2,3,1,4,1,3,4,3,1,4,3,5,2,4,4,3,2,4,4,4,2,3,2,5,5,4,4,4,5,4,4,4,2,2,2,3,2,5,2,3,4,5,1,5,4,3,1,4,4,1,3,3,3,219,36,24,30,28,41,29,31
1489,3,4,2,4,4,4,4,3,4,2,4,4,4,3,4,2,4,2,3,1,2,4,3,2,2,2,3,3,2,3,2,1,2,2,1,1,2,2,3,4,4,3,2,3,3,3,3,3,1,1,3,3,5,3,2,3,2,3,3,2,1,1,3,3,1,3,2,1,181,32,32,24,16,31,26,20
1490,2,2,3,4,1,4,2,1,4,2,2,3,4,3,1,4,2,2,4,4,4,4,5,4,5,4,4,4,4,3,3,2,2,4,2,1,3,2,4,2,4,3,4,2,3,4,3,4,4,1,4,4,4,2,2,4,2,3,3,4,4,2,3,4,2,3,4,3,209,23,27,42,22,33,30,32
1491,4,5,3,5,3,5,5,5,5,4,5,2,4,5,4,5,4,4,4,4,4,5,5,3,4,2,4,5,4,5,2,3,4,4,2,1,2,2,5,5,5,4,4,4,4,5,4,3,3,3,4,4,4,2,2,4,4,1,5,4,4,1,2,4,2,5,2,4,253,40,41,40,25,43,31,33
1493,5,5,2,4,4,4,4,4,4,1,4,2,4,5,4,1,4,1,1,4,3,4,4,3,4,4,4,4,5,4,2,2,3,4,2,2,4,4,5,5,4,4,3,2,2,4,4,4,4,4,5,4,5,2,3,5,5,4,5,5,5,2,4,5,4,4,2,2,245,36,27,39,27,37,41,38
1496,4,5,2,5,4,5,4,4,2,5,5,1,2,4,4,4,3,4,5,1,2,5,4,1,4,4,4,4,4,4,3,1,4,2,3,1,4,2,4,5,4,4,3,4,2,4,4,2,2,4,4,1,2,2,4,4,4,2,4,2,1,1,2,4,1,4,2,2,217,35,37,33,24,36,29,23
1498,3,2,2,4,1,4,1,1,2,1,4,2,4,2,1,4,2,1,4,2,2,4,2,2,1,1,4,2,2,4,2,1,3,4,2,1,2,1,5,5,4,4,4,5,4,4,3,4,3,1,3,2,5,4,2,5,4,2,4,4,2,1,4,4,4,5,2,1,191,20,25,22,20,42,31,31
1500,4,5,1,4,5,5,4,2,5,4,4,1,5,4,5,2,5,2,3,4,4,5,5,2,5,4,4,5,4,4,3,1,5,2,1,2,2,2,5,5,5,5,3,5,5,4,5,5,2,1,1,2,4,2,2,4,4,4,5,4,4,2,5,5,3,5,4,5,249,35,35,42,22,47,26,42
1502,2,5,2,4,4,4,2,2,4,1,2,2,2,2,4,2,4,2,4,4,4,4,4,3,4,4,4,4,4,5,2,2,4,4,2,2,4,2,5,5,5,4,3,4,4,2,5,4,4,4,3,4,5,3,4,4,4,1,4,4,4,4,4,4,4,4,4,4,237,29,25,39,27,41,36,40
1505,5,5,4,5,5,5,5,5,5,4,4,4,4,4,2,3,4,2,5,4,4,5,5,4,4,4,5,5,5,5,4,1,2,2,3,3,4,2,5,5,5,4,5,5,4,5,5,5,4,4,4,2,4,2,3,5,5,2,5,5,4,3,4,5,3,5,5,2,275,44,36,45,26,48,35,41
1511,1,5,4,5,3,5,2,2,5,1,2,5,2,2,2,1,4,1,2,1,1,4,1,1,1,1,4,1,4,2,1,1,1,2,1,2,1,1,5,5,4,5,5,5,5,4,5,1,4,1,4,5,5,1,3,5,5,2,2,5,3,1,5,3,1,4,2,4,194,32,22,19,12,44,35,30
1513,4,1,3,4,4,4,4,2,3,4,2,2,4,3,2,4,2,2,4,2,2,3,3,2,4,2,4,2,4,2,4,4,4,2,2,5,2,2,2,2,4,4,4,4,3,2,4,2,2,1,2,4,2,2,2,4,1,2,4,4,4,3,2,4,2,2,2,2,195,29,29,28,27,31,22,29
1520,5,5,2,5,5,4,5,5,4,2,4,2,2,4,2,4,2,2,4,4,4,5,4,4,5,4,5,4,4,4,4,2,4,3,2,1,4,2,5,5,4,2,4,4,4,4,2,5,5,4,5,4,5,4,2,5,5,4,5,5,5,2,5,5,1,4,2,5,258,40,28,43,26,39,43,39
1522,4,5,3,5,4,4,4,4,4,3,4,2,3,3,2,3,4,3,5,2,3,4,4,2,4,2,4,3,5,4,3,2,3,3,2,2,3,2,5,5,4,4,4,4,4,4,4,4,4,2,3,4,4,2,2,4,3,2,4,4,3,2,3,5,2,4,3,5,233,37,32,33,24,42,30,35
1524,4,5,3,4,5,5,5,5,4,2,4,4,2,4,3,5,4,3,5,1,3,5,5,3,2,2,5,4,4,5,3,1,3,2,3,1,2,2,4,4,4,4,4,3,1,5,4,5,4,5,4,4,5,2,2,5,5,2,5,4,4,2,4,5,1,4,4,5,246,40,36,34,22,38,38,38
1526,4,4,3,5,4,4,3,3,4,3,3,3,3,3,3,1,2,3,2,3,3,3,3,3,3,4,2,3,3,3,3,2,3,4,3,3,3,3,5,3,4,3,3,5,5,3,3,5,4,5,4,4,4,3,3,5,5,4,5,4,3,1,3,1,1,3,3,5,226,34,26,30,27,39,41,29
1527,5,4,2,4,5,4,5,5,5,2,4,2,4,2,4,4,4,5,5,3,3,5,5,2,4,2,4,4,5,4,2,1,3,3,2,1,3,2,4,4,4,4,4,2,4,4,4,4,4,1,2,4,4,3,2,4,4,2,4,4,4,2,4,5,3,3,4,4,238,39,36,37,21,38,30,37
1529,2,4,2,4,4,2,4,2,3,2,3,1,4,3,2,2,2,3,3,3,2,4,3,1,3,3,4,3,3,3,2,1,1,4,2,1,2,2,4,3,3,2,3,4,4,4,4,4,2,4,1,2,4,1,2,2,2,2,3,1,3,1,2,3,1,5,2,3,180,27,25,29,18,35,22,24
1530,4,5,2,5,5,4,5,5,4,1,3,2,3,3,3,3,4,1,5,4,4,5,5,2,4,4,5,4,4,5,5,1,1,3,2,1,3,2,4,4,4,4,3,5,4,4,5,5,4,4,3,4,4,2,2,5,5,2,5,5,4,3,4,5,4,5,3,4,250,39,28,41,23,42,35,42
1534,2,4,2,4,2,4,2,2,2,4,4,1,4,2,2,5,2,2,4,2,2,4,3,3,2,2,2,4,4,4,2,2,3,4,2,2,2,2,5,4,4,2,2,4,4,4,3,5,4,1,4,2,4,1,4,2,1,1,4,4,2,2,2,4,1,3,3,5,196,24,30,28,23,37,24,30
1535,4,4,3,4,5,5,4,3,4,4,4,4,4,4,2,4,2,3,3,4,4,5,4,4,3,2,4,3,4,4,2,3,4,3,3,2,3,2,5,4,4,4,5,5,4,4,4,5,3,2,3,2,4,3,3,4,4,2,4,4,4,3,3,4,2,4,3,4,242,36,34,37,26,44,30,35
1537,3,2,1,3,3,3,3,4,3,1,3,1,3,2,2,3,2,3,4,3,2,4,3,3,3,4,4,3,3,4,2,1,2,3,3,2,3,2,4,4,4,2,3,3,5,3,4,4,4,1,2,2,1,2,5,4,3,2,4,2,1,1,3,4,1,2,3,3,189,25,24,32,22,36,26,24
1538,5,4,1,4,5,4,5,4,5,1,4,4,4,4,5,4,5,2,2,4,4,4,4,4,5,5,5,4,5,4,4,2,3,4,4,2,4,4,5,5,4,4,4,5,5,1,2,2,2,4,4,4,4,1,1,2,4,2,5,4,2,4,4,4,4,5,2,2,248,37,35,44,31,37,28,36
1539,5,3,3,3,4,3,4,5,4,1,2,1,3,2,2,2,2,2,3,4,3,4,3,2,3,3,5,2,4,4,2,1,3,4,3,1,1,2,4,3,4,3,3,4,3,3,4,3,3,1,3,4,5,2,3,2,2,2,5,4,5,3,4,5,4,5,2,3,209,34,20,33,21,34,27,40
1542,3,5,3,5,4,5,3,4,4,1,5,3,5,4,2,4,2,2,5,4,4,4,4,5,2,2,5,2,3,4,4,3,3,4,2,1,2,3,3,4,4,4,4,4,4,4,4,3,4,5,4,3,2,2,4,5,4,1,5,5,5,5,4,4,5,5,2,4,246,36,33,35,26,38,34,44
1547,3,4,1,5,5,4,3,3,4,1,4,1,3,4,4,3,4,4,5,4,2,5,4,2,4,4,4,4,4,4,2,3,3,2,2,1,3,2,4,2,4,2,4,4,4,5,2,1,4,3,4,3,2,4,3,5,2,2,4,5,2,3,5,4,4,3,2,2,222,32,33,37,22,32,32,34
1548,4,4,2,4,4,4,2,2,4,2,4,1,4,1,2,2,1,2,4,2,2,4,2,2,4,4,3,4,4,4,3,2,1,4,2,3,3,2,4,4,4,4,4,4,2,2,4,5,4,1,2,3,4,2,4,4,2,1,4,4,2,4,4,5,1,5,2,3,206,30,23,31,24,37,27,34
1552,4,5,2,5,4,4,2,4,4,1,4,4,4,4,2,1,2,1,1,4,4,4,4,2,2,4,5,4,2,4,2,4,2,4,2,2,1,2,5,4,4,2,4,4,4,4,4,5,4,1,4,4,4,1,2,4,4,2,4,5,5,1,5,4,5,4,4,4,227,34,24,35,23,40,30,41
1554,4,5,3,5,5,4,2,2,3,2,4,3,5,2,2,2,2,1,2,3,3,4,3,2,2,2,4,3,4,4,3,4,3,4,3,2,3,3,4,4,4,4,4,4,4,4,4,5,4,1,2,4,5,4,2,5,4,2,4,2,3,2,4,4,2,5,2,2,221,33,25,30,29,41,33,30
1556,4,5,2,5,5,5,5,5,5,4,4,2,4,5,4,5,2,5,5,4,4,4,5,2,5,4,4,4,5,2,2,1,2,2,1,1,3,1,5,4,4,4,3,2,5,5,5,5,4,3,3,3,4,1,4,4,5,1,5,5,4,2,5,5,1,4,5,4,251,41,40,41,15,42,32,40
1564,4,5,3,5,2,4,2,2,4,3,4,3,3,3,3,2,3,2,1,4,3,5,4,2,2,2,4,2,4,4,2,2,2,3,1,1,2,2,4,5,4,4,4,5,4,4,4,4,4,1,3,3,4,4,2,3,4,5,5,4,3,4,4,4,1,4,1,2,216,31,27,32,19,42,33,32
1565,2,2,2,2,3,3,2,2,2,1,2,2,4,4,2,2,3,2,3,2,3,4,4,2,2,4,4,3,2,4,2,3,2,2,2,1,1,1,5,3,3,3,3,4,3,4,3,3,2,1,2,3,4,2,2,3,3,2,4,2,2,2,3,3,1,3,2,2,175,20,25,30,18,34,24,24
1567,4,5,3,5,5,5,5,5,4,1,2,2,4,3,4,2,4,3,4,2,3,2,4,1,3,3,5,4,4,4,2,2,3,2,3,2,4,3,5,5,4,4,4,3,3,4,2,3,1,2,4,5,5,2,2,5,5,1,5,4,4,4,5,5,4,5,4,5,240,41,29,31,25,37,32,45
1568,5,5,4,5,5,5,5,5,5,4,4,4,4,4,2,5,3,5,5,5,4,5,5,4,5,5,1,4,5,5,3,3,4,3,3,2,4,3,5,4,5,4,3,4,3,5,5,5,5,3,4,5,5,1,2,5,5,1,5,4,4,2,5,5,5,4,4,5,279,44,40,43,30,43,36,43
1571,4,5,2,4,4,4,4,2,4,2,4,4,4,4,3,4,4,4,3,3,3,4,2,3,4,4,2,3,3,4,2,3,2,3,2,1,4,2,4,4,4,4,4,4,3,4,4,2,4,1,3,2,2,3,3,4,4,2,3,4,3,2,4,3,2,4,4,4,221,33,36,31,23,37,28,33
1574,4,4,4,4,4,4,5,5,4,1,2,2,2,2,2,4,2,1,3,4,5,4,5,5,5,4,4,4,4,4,4,4,5,2,4,2,2,3,4,4,5,4,4,4,2,4,4,4,4,2,4,4,4,2,1,4,4,2,5,4,1,2,2,4,2,4,2,2,231,38,21,44,30,39,31,28
1575,5,5,4,5,4,5,5,5,5,4,4,2,5,5,5,5,4,5,5,5,5,4,5,2,5,5,4,5,5,5,4,4,4,2,4,3,4,4,5,4,5,4,4,4,4,5,5,4,4,2,4,5,5,1,4,5,5,1,5,5,5,5,4,5,4,4,4,5,292,43,44,45,34,44,36,46
1577,4,4,1,5,4,4,4,4,4,2,5,2,4,4,4,4,4,4,5,4,4,4,4,2,4,4,4,2,4,2,2,4,4,4,2,1,4,2,4,4,4,4,4,2,2,4,5,4,4,1,4,2,4,2,3,4,1,2,4,4,2,2,2,4,2,3,2,1,223,34,38,36,25,37,27,26
1580,4,5,3,4,5,3,5,1,3,1,4,1,3,3,3,4,2,3,5,3,3,4,4,3,3,3,4,4,4,4,3,3,3,3,3,1,4,1,5,4,4,3,3,4,4,3,3,5,5,1,5,4,4,2,2,5,2,3,5,4,4,2,5,5,3,5,4,5,235,33,29,35,25,38,33,42
1582,5,4,2,4,4,4,4,5,5,4,4,4,4,4,4,4,4,4,4,4,4,4,4,2,4,4,5,4,4,4,2,2,3,2,2,2,3,2,4,2,4,4,4,2,2,4,4,4,4,4,4,4,4,4,4,5,4,4,5,5,5,4,4,5,4,4,2,4,255,37,40,39,22,34,41,42
1583,5,5,3,4,5,5,5,5,5,1,5,4,5,4,2,4,2,1,3,4,3,4,4,1,1,1,5,3,2,5,4,3,4,1,1,1,3,2,4,5,4,5,4,5,4,5,5,3,4,4,4,4,5,3,3,4,4,2,5,5,4,2,4,2,4,5,4,2,243,42,31,28,24,44,37,37
1585,5,4,3,5,4,4,4,5,4,4,4,4,4,2,3,2,3,3,2,4,4,4,4,4,4,4,4,4,4,4,3,4,4,3,2,2,3,3,4,4,4,4,4,4,3,4,4,5,3,4,3,4,4,2,4,2,5,2,5,4,4,3,4,4,4,3,2,3,246,38,31,40,28,40,33,36
1587,5,5,1,4,4,5,3,5,5,1,1,1,3,2,4,1,4,1,5,5,4,4,4,2,5,5,5,4,5,4,4,1,3,2,2,1,4,1,5,4,4,3,4,4,4,5,2,5,4,2,2,3,4,1,2,4,5,1,5,4,4,2,4,5,2,5,4,3,231,37,23,43,22,40,28,38
1588,4,5,4,5,4,4,2,5,4,2,4,4,4,4,4,4,5,2,2,4,4,4,4,4,5,4,4,2,5,4,2,2,4,5,3,1,4,2,4,5,4,4,4,4,4,4,4,2,2,4,2,4,4,2,4,5,5,1,4,5,5,2,4,5,2,4,2,4,248,37,35,40,27,39,33,37
1589,5,4,3,5,2,4,2,4,4,5,3,3,1,4,2,5,3,5,4,4,3,4,3,3,3,3,4,4,4,3,1,2,2,2,1,1,2,1,1,4,4,3,3,1,3,4,4,2,4,4,4,3,3,2,4,4,1,2,4,2,1,2,1,4,1,4,2,1,200,33,35,35,15,29,31,22
1600,2,5,1,5,2,1,2,2,2,2,4,5,2,1,1,1,2,1,1,5,4,5,5,4,5,5,4,2,4,2,4,1,3,4,2,1,4,2,4,4,4,4,4,4,4,4,4,2,4,2,4,4,4,2,4,5,5,2,4,1,4,2,5,4,2,2,4,5,215,22,20,43,23,38,36,33
1604,5,5,4,5,4,5,5,5,5,5,5,3,5,5,5,5,4,5,4,5,3,5,5,3,5,5,4,2,5,4,1,5,4,3,1,1,3,3,5,4,5,3,4,4,3,5,5,3,1,4,5,4,5,4,3,1,4,2,4,4,4,2,5,5,3,5,3,5,270,43,46,42,25,41,33,40
1607,4,4,2,4,2,5,4,2,4,2,4,4,5,5,4,2,4,4,3,5,4,5,4,5,5,4,4,3,4,4,4,3,4,3,3,3,4,4,5,3,4,4,4,4,4,3,2,4,5,1,4,3,4,2,2,4,4,2,4,4,4,4,4,4,4,4,4,4,251,31,37,43,32,37,31,40
1608,2,5,1,4,3,4,4,4,4,3,4,1,2,2,2,3,2,3,4,1,2,5,4,1,1,3,5,4,2,3,1,1,4,4,2,1,2,2,4,3,3,3,1,4,5,3,4,5,4,1,1,2,5,3,4,3,4,2,4,4,4,2,3,4,1,4,1,3,199,31,26,28,20,35,29,30
1610,4,5,1,2,2,3,3,2,4,1,2,1,2,1,1,3,1,1,5,3,2,4,3,2,4,1,5,5,4,4,4,2,3,2,3,2,2,2,5,3,4,2,4,3,4,4,1,5,3,4,4,4,5,1,1,5,5,1,5,5,4,2,4,5,4,3,2,3,206,26,18,33,24,35,33,37
1611,4,5,3,5,5,5,4,5,5,1,1,1,3,2,2,3,1,1,4,4,2,5,4,1,5,2,5,4,3,4,4,1,2,2,2,4,2,3,5,4,5,3,3,3,4,4,4,5,3,4,3,4,4,2,5,4,2,1,4,4,4,3,4,5,3,4,3,1,226,41,19,35,24,40,32,35
1612,5,5,3,5,5,4,2,2,2,4,5,5,5,4,4,5,2,4,5,4,2,2,3,2,4,3,2,4,5,2,4,1,3,2,2,1,3,2,5,4,2,3,3,4,4,4,2,2,2,1,2,2,5,3,4,4,4,1,2,2,2,2,2,4,1,3,4,2,212,33,43,31,20,33,28,24
1614,4,4,2,5,4,4,4,2,2,4,4,4,5,4,1,2,2,5,2,4,4,4,4,4,5,4,4,2,4,4,1,4,1,2,1,1,1,2,5,4,5,4,5,5,4,4,1,1,5,5,5,4,5,4,4,5,5,2,4,4,4,2,4,4,5,4,4,4,241,31,33,39,17,38,44,39
1616,4,5,4,5,5,5,5,5,5,5,5,4,5,5,5,5,5,5,5,5,5,4,5,5,5,5,5,5,4,4,3,4,4,4,4,2,4,4,4,5,5,5,5,4,4,5,5,5,5,5,5,5,5,4,5,5,5,2,5,5,5,2,4,5,4,4,5,2,307,43,49,48,33,47,46,41
1618,4,5,2,5,2,5,4,4,5,4,4,1,5,4,4,1,4,5,5,4,4,4,5,2,2,4,4,2,5,4,2,2,4,3,2,2,2,1,5,5,2,4,4,5,4,2,4,4,4,2,2,4,4,1,2,4,2,2,4,4,4,2,4,4,2,5,3,4,233,36,37,36,22,39,27,36
1620,3,5,3,5,5,4,5,2,4,1,4,2,4,4,5,4,3,2,5,3,2,4,4,2,4,4,5,4,4,4,3,3,4,2,3,3,3,2,5,4,5,4,4,4,4,5,4,5,4,1,3,3,4,2,2,4,4,2,4,4,4,4,4,5,4,5,4,4,248,36,34,36,27,44,29,42
1623,5,4,2,4,4,4,2,2,4,2,4,4,4,4,2,2,2,4,2,4,2,2,2,2,4,4,2,2,2,3,3,4,2,4,4,2,4,2,4,4,3,2,2,4,2,3,4,4,2,4,3,3,2,2,4,4,4,4,3,4,2,2,4,4,4,3,3,4,212,31,30,26,28,32,32,33
1624,1,3,2,3,4,3,2,2,3,1,4,2,2,2,2,2,2,1,2,4,2,4,2,3,2,2,4,2,2,2,2,2,2,1,1,1,1,1,5,4,4,2,4,4,4,4,2,5,4,1,3,2,4,2,2,4,2,1,5,4,4,2,4,4,1,4,2,2,178,23,20,27,13,38,25,32
1625,3,5,1,4,4,4,4,4,2,2,3,1,4,2,2,2,2,2,4,4,2,3,3,1,2,4,3,2,3,2,1,3,3,2,3,2,2,2,4,4,3,1,2,4,2,4,2,3,4,2,3,4,4,2,3,4,2,3,5,4,4,2,4,4,2,3,2,3,195,31,24,27,20,29,31,33
1627,5,5,3,5,5,5,5,5,5,4,4,5,5,4,4,1,2,1,2,4,5,5,5,3,4,4,5,5,5,5,4,4,5,4,2,3,5,4,5,5,4,4,4,4,4,4,4,5,5,5,3,4,3,4,4,4,5,4,5,4,3,2,3,5,2,5,4,4,277,43,32,45,36,43,41,37
1628,5,5,4,5,5,5,5,5,5,1,4,4,4,4,5,4,4,4,5,4,4,4,4,4,4,5,4,2,5,4,4,4,4,3,2,1,4,2,5,5,5,4,4,5,5,2,5,5,4,3,3,4,5,2,2,1,5,1,4,4,4,4,4,4,4,4,3,5,266,44,39,40,28,45,30,40
1629,4,4,4,4,4,4,4,4,4,1,4,2,4,2,2,2,2,1,4,1,2,4,1,1,4,1,4,2,4,4,2,4,2,4,2,2,2,2,5,5,5,4,4,4,2,2,2,5,3,1,3,4,2,1,3,5,1,1,5,4,2,2,4,5,4,2,2,5,205,36,24,24,24,38,24,35
1631,3,5,3,5,4,4,3,3,4,1,2,3,2,2,4,3,2,1,4,2,2,4,3,2,2,2,4,3,2,3,2,1,3,1,1,1,2,2,4,4,4,4,4,3,4,4,2,3,2,2,2,3,3,1,2,4,4,1,4,2,3,2,3,5,1,3,1,3,187,34,24,26,16,36,24,27
1632,5,5,4,5,3,5,5,2,5,3,4,2,3,5,4,3,5,4,4,4,4,4,5,4,5,1,4,4,4,4,4,3,5,4,3,3,5,5,3,4,5,3,3,5,4,4,3,4,3,1,4,1,4,3,3,4,5,3,4,4,3,3,4,3,4,4,2,4,255,39,37,39,36,38,31,35
1633,1,4,2,4,1,2,2,1,2,4,4,4,4,4,2,1,4,2,1,4,5,4,5,2,5,5,5,4,5,4,1,2,2,2,1,1,5,2,5,4,2,2,2,1,2,4,1,5,5,5,5,4,5,4,5,5,5,4,5,5,1,1,4,5,1,1,1,4,216,19,30,44,20,28,47,28
1637,4,4,4,4,1,4,4,4,4,1,2,2,2,2,2,2,2,2,1,4,2,4,4,2,4,2,4,4,5,4,4,4,4,2,2,2,2,2,3,4,4,2,4,2,2,4,2,2,2,2,1,1,4,1,4,2,4,2,2,2,1,1,4,4,1,4,1,4,188,33,18,35,26,29,23,24
1641,2,3,2,2,2,4,2,2,2,2,2,2,2,2,2,2,2,2,3,2,2,4,3,2,3,3,3,3,3,4,2,3,3,2,2,2,2,2,3,4,3,2,3,4,2,4,2,3,3,1,2,3,2,2,2,3,3,2,4,4,3,2,3,4,2,4,4,3,178,21,21,28,22,30,23,33
1643,3,3,1,2,4,5,5,4,3,3,3,1,5,3,2,2,2,3,2,5,5,5,5,5,5,4,5,5,4,5,3,4,3,3,1,1,2,2,5,4,4,5,3,4,5,5,4,5,4,4,4,3,5,3,4,5,2,2,5,2,5,2,3,5,3,5,4,5,247,30,26,48,24,44,36,39
1644,4,4,4,3,5,4,4,2,4,4,2,3,3,4,2,4,2,2,4,2,2,4,4,2,2,2,2,2,3,4,2,2,2,2,2,1,2,1,5,5,4,4,4,5,4,4,2,5,2,1,3,3,4,1,2,2,5,1,2,3,2,2,5,2,1,2,1,4,197,34,30,25,18,42,24,24
1648,5,5,5,5,5,5,5,5,5,2,4,4,4,3,4,5,4,2,4,4,4,3,5,2,4,4,5,5,5,5,3,3,5,4,5,2,4,3,4,4,4,4,4,4,5,5,4,5,4,4,3,4,5,2,4,5,2,2,5,2,4,2,4,5,3,5,2,3,269,45,36,41,34,43,35,35
1649,4,4,4,4,5,5,4,5,4,2,3,4,4,4,4,2,4,1,2,4,4,4,4,3,4,4,4,2,2,4,3,2,4,3,2,2,2,2,4,4,4,4,3,4,3,3,4,2,3,4,3,4,4,2,4,5,4,2,4,4,3,3,3,4,4,4,4,4,235,39,30,35,24,35,35,37
1652,2,5,3,4,2,4,2,2,4,1,3,3,3,2,4,2,4,4,4,4,4,5,4,3,4,4,4,3,4,5,1,4,4,3,2,1,1,1,5,4,4,4,4,4,3,3,3,4,4,1,4,2,4,4,4,5,2,2,3,5,5,1,4,5,1,4,5,4,226,28,30,39,22,38,32,37
1654,3,4,4,4,4,4,3,3,4,3,4,3,3,3,4,3,4,3,3,3,4,4,4,3,5,2,4,3,4,4,1,4,3,2,2,1,3,2,4,3,4,3,3,3,3,4,4,5,3,3,2,4,4,3,4,4,4,3,3,3,3,3,3,4,2,4,2,2,223,33,33,36,22,36,34,29
1656,5,5,3,5,5,5,5,5,5,3,3,3,4,4,4,2,4,4,2,4,3,3,4,4,4,4,5,4,4,4,3,2,3,3,2,2,4,2,4,5,5,3,4,5,4,3,4,5,4,1,4,4,4,2,3,4,4,2,5,4,3,3,4,5,2,5,2,4,251,43,33,39,25,42,32,37
1659,3,4,2,4,4,4,4,4,4,1,2,2,2,2,4,2,4,2,3,2,3,4,2,2,2,2,4,4,4,3,2,2,3,3,2,2,3,2,5,4,4,4,4,4,3,4,4,4,4,1,3,3,4,4,3,4,2,2,3,4,2,3,4,4,2,4,2,2,208,33,24,29,22,40,30,30
1661,4,4,4,3,4,4,3,4,4,1,2,2,4,3,3,3,4,4,3,4,3,4,4,3,4,2,5,4,3,4,2,2,4,3,2,2,2,3,4,4,4,4,4,4,4,4,4,2,4,2,4,4,4,4,3,4,3,3,4,4,4,2,4,4,4,4,4,3,233,34,29,36,24,38,35,37
1662,2,1,2,2,4,3,2,2,1,1,2,1,2,1,2,2,2,1,3,4,3,5,4,2,4,2,2,3,3,5,2,4,4,4,2,1,2,1,4,4,4,4,4,4,2,3,2,3,3,1,2,4,4,1,2,4,1,2,4,4,4,4,4,4,2,2,2,4,185,19,17,32,25,34,24,34
1665,4,2,4,2,5,2,4,2,2,3,4,4,4,4,2,4,2,4,2,4,4,4,4,2,2,4,4,2,4,4,2,2,4,4,2,2,4,2,4,2,2,2,3,2,2,2,2,2,4,4,3,4,4,2,2,4,4,2,4,4,4,2,3,2,2,4,2,4,207,27,33,34,26,23,33,31
1669,5,5,4,5,5,5,5,5,4,1,4,2,4,4,2,2,2,1,2,4,4,4,5,2,4,2,5,2,5,4,4,3,4,4,4,2,4,2,5,5,5,5,5,5,5,5,5,5,5,2,5,5,5,2,4,5,2,2,5,5,5,4,5,5,4,5,1,4,265,43,24,37,31,50,37,43
1681,4,4,2,4,2,4,2,2,2,2,2,2,2,2,2,2,2,1,2,4,3,4,4,4,2,4,4,4,3,4,2,4,4,2,3,1,2,2,4,5,4,4,4,4,4,4,3,1,4,2,4,4,4,4,2,4,1,2,4,2,4,4,5,4,5,4,2,3,210,26,19,36,24,37,31,37
1683,2,2,1,2,2,4,2,2,2,5,4,2,4,4,4,4,4,3,4,4,4,5,4,3,4,4,5,3,4,4,2,2,3,4,2,2,3,2,4,2,4,3,3,4,1,4,3,4,4,4,2,4,5,1,2,4,4,2,4,3,4,4,3,5,2,4,1,2,217,19,38,40,24,32,32,32
1685,3,5,3,4,3,3,2,2,2,1,4,4,2,3,2,2,3,2,2,2,3,4,3,4,4,4,2,4,4,4,2,4,3,2,2,2,3,2,4,4,4,3,3,4,2,4,4,2,2,4,2,2,4,2,4,3,4,2,4,2,1,2,3,3,2,3,2,2,197,27,25,34,24,34,29,24
1686,2,4,3,5,1,4,2,2,4,2,4,3,4,3,4,2,4,4,4,2,2,4,3,2,4,3,3,3,2,3,3,3,3,3,4,2,3,3,4,4,4,4,4,4,5,4,4,3,3,1,4,2,3,4,4,4,4,3,3,4,3,2,3,2,2,2,2,2,213,27,34,28,27,40,32,25
1687,4,5,3,5,4,4,3,4,4,1,2,3,3,3,2,2,4,2,5,3,3,4,3,2,4,3,4,3,3,4,2,2,2,3,2,1,3,2,5,4,3,4,3,4,4,4,4,5,3,2,3,3,4,2,2,4,4,2,4,4,4,4,5,5,4,4,4,4,227,36,27,32,21,40,29,42
1694,5,5,5,5,5,5,5,5,5,3,4,2,1,4,3,2,4,3,5,4,4,5,5,1,4,3,5,4,4,4,2,4,1,2,3,1,3,1,5,5,5,4,4,5,4,5,5,3,4,4,4,4,4,1,3,5,4,2,5,4,5,2,3,5,2,4,2,3,251,45,31,39,21,45,35,35
1698,5,2,3,4,3,4,3,3,3,4,4,3,3,3,3,4,3,3,3,3,3,3,3,3,3,3,3,3,2,3,3,3,3,4,3,3,3,3,3,3,3,3,3,3,3,3,3,3,2,4,3,3,3,4,2,3,3,2,5,4,4,3,3,3,1,3,3,3,211,30,33,29,28,30,29,32
1703,5,5,5,5,5,5,5,5,5,1,2,1,4,2,5,2,4,4,5,4,5,5,5,4,5,4,5,4,5,5,4,5,4,4,4,4,5,4,2,2,5,5,5,4,5,5,5,1,4,2,4,4,1,4,4,4,5,4,5,4,4,2,3,5,5,5,4,5,277,45,30,46,39,39,36,42
1708,3,5,2,5,2,4,2,3,2,2,2,1,2,3,2,2,2,2,3,2,4,4,4,2,4,2,4,3,4,3,2,3,2,2,2,2,2,2,4,4,4,4,3,4,2,2,2,3,2,3,1,4,2,1,4,3,4,2,4,4,3,2,4,3,2,3,2,2,189,28,21,33,20,32,26,29
1715,3,3,2,2,4,4,2,4,4,4,4,4,4,4,2,2,2,4,4,2,3,4,2,3,4,4,3,2,2,2,2,2,3,2,2,1,2,1,4,4,4,4,3,3,2,4,3,3,2,4,4,2,2,2,2,4,3,2,4,4,2,2,2,4,1,3,4,4,199,28,34,29,17,34,27,30
1717,4,4,2,4,4,4,5,4,4,2,4,2,3,3,4,4,4,3,4,4,4,4,4,4,5,4,4,4,5,4,2,2,3,4,2,2,4,2,4,4,4,3,4,4,2,4,2,4,3,3,4,3,4,3,4,4,2,2,5,4,3,2,3,4,3,3,4,2,235,35,33,42,25,35,32,33
1723,4,4,2,5,5,4,5,5,5,1,1,1,1,2,3,3,4,1,5,1,2,3,2,1,2,1,5,3,3,3,3,1,2,3,3,2,3,2,4,4,3,3,1,4,5,5,3,4,4,1,4,2,3,1,2,5,3,2,4,5,3,3,5,5,4,5,3,3,209,39,22,23,22,36,27,40
1729,4,4,2,5,4,4,4,4,2,4,4,2,4,4,2,2,2,1,4,4,2,4,4,4,4,4,4,2,4,4,3,2,4,2,2,2,2,2,5,4,4,4,4,4,4,5,2,4,2,2,3,1,1,2,3,2,4,2,4,2,2,3,2,4,2,2,2,2,208,33,29,36,23,40,22,25
1730,5,4,4,5,5,5,4,5,5,4,5,2,4,5,2,5,2,5,5,4,4,5,5,4,5,4,4,4,4,4,2,5,4,4,2,1,3,2,4,4,4,4,4,4,2,4,4,5,4,2,4,3,4,5,4,5,2,2,4,4,2,1,4,4,1,2,1,3,251,42,39,43,27,39,35,26
1734,2,5,3,4,5,5,4,3,5,2,5,4,4,4,5,4,2,2,5,5,4,5,5,5,4,2,5,3,5,5,4,4,5,4,4,1,1,2,5,5,5,5,5,5,5,5,4,5,5,1,4,4,5,2,4,5,4,2,5,5,4,4,4,5,4,4,5,5,276,36,37,43,30,49,36,45
1738,4,5,2,5,4,3,2,2,4,3,4,4,4,4,3,2,3,4,5,4,4,4,4,3,5,4,5,5,5,5,2,3,3,3,4,2,3,4,4,5,3,3,4,4,4,4,4,4,3,3,3,3,4,3,4,4,4,4,4,5,4,4,2,4,3,4,2,4,249,31,36,43,29,39,35,36
1739,4,5,4,5,5,5,5,5,1,1,5,4,4,5,5,4,5,5,5,4,4,5,4,3,5,4,4,5,5,5,2,2,4,4,4,2,4,3,4,5,5,5,5,5,3,5,4,5,4,2,4,4,5,3,2,5,4,2,3,4,4,4,5,5,5,4,4,5,279,39,43,43,30,46,35,43
1745,5,5,1,5,5,4,5,5,5,2,4,1,4,4,2,4,4,4,2,4,3,5,4,4,4,4,4,2,2,1,1,4,3,2,2,1,2,2,5,5,4,4,4,4,4,4,2,5,4,1,4,4,2,1,2,4,1,1,4,4,2,3,2,4,1,4,4,1,219,40,31,36,18,41,24,29
1748,4,5,4,5,4,5,5,4,4,4,2,2,4,4,5,2,4,2,5,3,4,1,4,2,4,3,5,4,2,5,4,4,4,5,5,1,4,4,5,5,5,4,4,4,3,5,5,5,4,1,4,4,5,5,4,5,4,5,5,5,3,1,5,5,1,4,2,4,263,40,34,32,36,45,41,35
1754,4,3,3,5,2,3,1,3,3,1,3,3,1,1,2,4,3,3,3,5,5,5,5,5,5,5,5,5,5,5,4,4,5,4,2,2,3,3,5,5,5,3,5,4,2,5,3,3,5,2,5,5,5,2,3,1,5,1,5,5,5,4,5,5,5,3,5,5,254,27,24,50,32,40,34,47
1761,4,4,2,5,5,4,4,4,2,3,5,5,5,4,3,2,4,4,2,5,4,5,4,4,5,4,5,3,4,4,4,3,4,3,2,2,4,3,4,4,4,4,4,4,5,4,3,4,3,1,4,4,4,3,2,5,5,3,2,5,5,3,4,4,4,4,3,5,256,34,37,43,29,40,34,39
1762,4,4,2,2,5,5,5,5,4,1,4,4,5,4,4,4,5,3,4,3,3,5,3,3,4,2,4,4,5,4,3,2,3,2,1,1,2,2,5,4,4,3,4,4,4,3,4,5,4,2,3,3,4,4,4,4,4,2,4,4,3,2,2,5,2,4,2,4,236,36,38,36,20,40,34,32
1763,5,5,4,5,5,5,2,5,5,2,4,4,5,5,2,3,4,4,2,5,5,5,5,5,5,5,5,5,5,5,2,2,5,4,2,1,1,4,5,5,5,5,5,5,5,4,4,2,5,5,4,5,5,4,3,5,5,2,5,5,5,2,3,5,2,2,4,3,276,41,35,50,26,45,43,36
1765,5,5,4,5,5,3,5,5,5,4,2,3,3,1,5,3,5,3,5,4,2,3,4,1,5,4,2,3,5,4,2,1,3,3,5,4,3,4,5,4,4,4,2,5,4,2,5,5,4,1,1,3,3,1,2,2,2,2,3,3,4,2,3,5,5,5,2,5,236,42,34,33,29,40,21,37
1766,3,5,2,5,5,4,2,3,4,2,4,3,4,3,2,2,2,3,3,4,3,4,3,3,3,2,3,3,4,3,3,3,3,3,3,3,3,3,5,4,4,4,4,4,3,4,3,5,3,3,4,3,5,3,4,4,5,3,4,4,4,3,4,4,3,2,3,2,230,33,28,32,27,40,37,33
1778,5,5,4,5,5,5,5,5,4,1,2,4,5,4,4,2,5,2,2,2,4,5,5,4,2,4,5,4,4,5,4,4,2,4,2,2,4,2,5,5,4,4,4,5,4,4,4,5,4,2,5,4,5,2,1,5,4,1,5,4,4,4,5,5,2,5,4,2,259,43,31,39,29,44,33,40
1780,5,4,2,1,5,5,5,5,4,1,3,3,5,3,1,2,2,2,2,5,3,4,4,3,3,4,5,5,5,5,4,1,4,5,3,1,5,3,5,3,5,2,3,4,2,5,1,5,4,4,5,5,5,1,3,5,5,1,5,5,5,1,4,5,5,2,4,5,246,36,24,41,31,35,38,41
1785,2,4,2,4,2,2,2,2,2,1,2,2,2,2,1,2,1,1,2,2,2,2,2,2,1,2,2,2,4,2,2,2,2,2,2,1,2,1,5,4,2,2,2,2,3,2,2,5,3,2,4,3,4,2,2,4,2,2,4,4,4,3,4,4,1,3,2,3,164,22,16,21,16,29,28,32
1792,4,3,1,4,2,4,2,3,4,1,3,2,4,4,4,3,4,3,4,4,3,4,4,2,4,2,3,4,4,4,1,1,4,2,2,1,2,2,2,4,4,4,4,4,3,4,4,2,2,2,4,4,5,4,3,5,4,4,4,5,5,4,5,5,4,4,3,5,228,27,32,34,19,35,37,44
1794,4,4,2,4,5,5,5,5,4,1,4,4,5,2,4,2,2,2,4,4,5,5,5,4,5,4,2,5,5,5,2,4,4,2,1,2,4,2,5,4,5,4,4,5,4,4,4,4,5,4,5,5,5,5,4,5,4,2,5,5,4,3,4,5,4,4,4,4,267,38,30,44,26,43,44,42
1797,4,5,2,5,4,4,2,2,2,1,3,3,4,3,4,2,2,2,2,2,2,4,2,2,2,2,3,2,2,4,2,1,4,2,4,2,2,2,4,4,4,4,4,4,4,3,2,3,2,1,4,3,2,2,2,4,2,2,4,4,4,3,4,4,2,4,2,4,197,30,26,23,23,36,24,35
1799,2,5,4,5,5,5,2,4,5,3,5,5,5,4,4,4,5,5,5,5,5,5,5,5,5,5,5,5,5,5,3,5,4,2,1,1,2,2,4,5,4,5,5,5,1,4,4,1,4,1,4,2,5,2,4,5,5,2,4,3,4,2,3,2,1,4,4,4,260,37,45,50,25,38,34,31
1810,5,5,4,4,5,5,5,5,5,2,4,4,4,2,4,4,2,2,4,3,3,5,4,2,4,3,5,5,4,4,3,2,4,3,3,2,4,2,5,4,4,4,4,4,5,5,4,4,2,3,4,3,2,2,2,4,4,1,4,4,2,2,4,4,4,4,2,3,243,43,32,38,27,43,27,33
1815,5,5,4,4,5,5,5,5,4,4,4,2,4,2,2,4,4,4,4,3,2,4,4,2,2,3,4,4,4,5,3,2,4,3,2,2,3,4,5,5,5,5,5,5,4,5,5,5,4,3,4,4,5,2,2,5,5,2,4,4,4,1,4,5,2,5,4,4,258,42,34,32,28,49,36,37
1823,4,5,4,5,5,5,4,4,5,2,5,5,5,5,5,5,5,5,5,5,5,5,5,4,5,5,5,5,5,5,5,4,5,2,4,2,5,3,4,4,5,5,5,4,4,5,5,4,5,5,4,4,4,4,2,5,5,2,5,5,4,1,5,5,4,5,5,5,301,41,47,49,35,45,40,44
1838,4,5,3,5,5,5,5,5,5,2,4,3,5,4,5,2,4,4,4,4,4,5,4,4,5,2,4,4,4,4,1,4,3,2,2,2,4,2,5,4,4,4,3,4,5,5,4,5,4,2,4,4,5,2,2,5,5,2,4,4,4,2,4,5,2,5,4,5,260,42,37,40,24,43,35,39
1840,5,5,2,5,5,5,4,4,4,2,3,3,3,3,3,4,3,3,3,3,4,1,2,3,3,3,2,3,4,2,2,4,3,3,3,2,2,2,5,1,5,5,3,5,4,4,4,4,4,1,2,3,4,3,2,4,3,2,5,4,3,4,3,4,4,5,3,3,226,39,30,28,23,40,28,38
1845,5,5,4,1,5,5,5,5,5,2,4,4,5,4,5,2,5,2,3,5,5,5,5,4,5,5,5,5,5,5,4,4,4,4,4,2,3,4,4,5,5,5,4,5,3,5,5,5,3,4,3,3,5,2,2,4,5,1,4,4,4,4,4,5,2,5,3,2,274,40,36,49,34,46,32,37
1849,4,3,3,4,5,4,5,4,4,1,4,3,4,3,3,3,3,2,4,5,5,4,4,3,5,5,3,3,4,5,3,3,3,3,2,2,3,3,4,3,5,3,3,4,5,5,3,3,3,2,4,3,3,2,3,5,5,2,4,5,4,4,4,5,4,4,3,5,246,36,30,41,27,38,32,42
1851,4,5,3,4,4,4,4,4,4,3,3,2,3,3,4,4,3,2,3,4,3,4,4,3,3,3,4,4,4,4,2,3,3,4,2,2,4,3,5,4,4,4,4,4,4,4,4,4,3,4,2,4,4,4,3,4,4,2,4,4,4,3,4,4,2,4,4,4,241,36,30,36,27,41,34,37
1859,5,5,5,5,5,5,5,5,5,2,2,4,5,5,4,2,5,3,5,5,5,5,5,5,5,5,5,5,5,5,5,5,4,5,4,4,5,5,4,5,5,4,5,1,2,5,5,2,5,3,5,5,5,2,5,2,4,1,5,5,5,3,3,5,4,3,4,5,291,45,37,50,42,38,37,42
1866,3,4,2,5,4,4,5,4,4,1,2,3,3,4,2,4,3,2,2,4,4,4,4,4,5,4,4,2,4,4,1,2,4,2,2,2,1,2,4,4,4,4,4,2,3,4,3,2,4,2,3,4,5,2,3,4,4,2,3,4,2,2,4,5,2,3,3,2,217,35,26,39,20,34,33,30
1867,4,4,2,2,5,4,5,4,5,2,4,2,4,4,5,4,5,2,5,3,2,4,4,2,2,2,4,2,3,5,4,4,3,4,2,2,4,2,5,4,4,4,3,4,4,5,4,5,4,1,4,2,4,2,2,4,4,2,5,4,4,2,4,5,2,5,5,4,241,35,37,28,30,42,29,40
1869,5,5,4,4,5,5,4,5,5,4,5,2,4,4,4,4,4,2,4,4,4,4,4,4,5,4,4,4,4,4,4,4,4,5,4,2,5,4,5,4,5,4,4,4,4,5,5,5,5,2,5,4,4,4,4,5,5,2,5,5,5,3,4,5,4,5,4,5,286,42,37,41,36,45,40,45
1872,4,4,4,5,5,5,4,2,2,1,4,1,4,2,4,4,5,4,5,3,3,5,4,1,2,2,4,2,2,4,1,1,1,3,1,1,3,2,5,5,5,5,4,5,4,5,4,5,4,4,3,2,5,4,2,5,5,4,4,4,4,3,4,4,3,4,3,4,236,35,34,28,17,47,38,37
1888,4,4,4,2,4,4,5,5,5,1,4,4,5,4,5,5,4,4,2,2,4,4,4,2,4,4,2,5,5,4,2,2,4,5,2,2,4,2,1,4,4,4,4,4,3,5,5,5,3,2,5,2,4,4,4,4,4,2,4,4,4,4,4,5,2,2,5,4,249,37,38,36,27,39,34,38
1889,5,4,4,4,5,4,5,5,4,1,3,4,2,2,3,3,3,3,3,5,4,4,4,3,5,5,5,4,4,4,3,4,3,3,4,3,3,3,3,4,5,4,2,3,4,4,4,3,5,1,3,4,5,3,5,5,4,2,5,5,5,5,3,5,5,5,5,5,261,40,27,43,30,36,37,48
1892,5,5,4,5,5,5,5,5,5,4,4,5,4,5,4,4,4,2,4,5,5,5,5,5,5,5,5,5,5,5,4,4,5,4,4,3,4,4,5,5,5,5,4,4,4,4,5,5,4,4,3,4,5,1,3,5,5,2,5,2,4,5,3,5,4,4,2,5,292,44,40,50,37,46,36,39
1909,5,5,4,5,5,5,5,5,5,5,4,5,5,4,5,2,5,4,2,4,5,4,4,4,4,4,5,2,4,4,4,4,4,5,4,2,4,2,5,5,5,4,5,4,4,5,5,2,2,5,5,4,5,2,2,4,5,2,5,5,4,4,4,5,2,5,4,4,280,44,41,40,33,44,36,42
1912,4,5,4,5,5,5,5,5,4,2,5,3,5,4,4,5,4,4,4,4,3,4,5,3,4,3,4,4,5,4,2,4,4,4,2,2,3,2,5,5,5,5,5,5,5,5,5,5,4,5,5,5,5,2,2,5,5,2,4,5,2,2,4,5,3,1,4,5,273,42,40,39,27,50,40,35
1914,5,5,3,5,5,5,5,5,4,4,4,3,4,5,4,4,5,5,4,4,5,5,5,4,5,4,5,4,5,4,2,2,4,4,2,2,2,2,5,5,5,5,5,4,2,5,5,4,4,5,4,4,5,2,2,5,5,1,5,4,2,1,3,5,1,5,2,4,268,42,42,46,24,45,37,32
1923,4,5,2,5,5,4,5,5,4,1,4,1,4,4,2,5,2,1,4,2,1,5,3,1,2,5,2,4,5,3,4,1,2,3,3,1,2,2,5,5,3,4,3,5,5,5,5,5,4,4,3,2,5,3,2,4,5,2,5,4,3,1,4,2,2,4,3,3,228,39,28,30,21,45,34,31
1933,2,5,4,5,4,4,2,2,4,4,4,2,2,2,4,2,2,2,2,4,4,4,4,3,4,4,4,2,4,5,4,4,4,4,2,2,3,3,4,5,5,4,4,3,2,4,4,4,4,4,4,4,5,1,4,5,5,2,4,5,4,4,3,4,5,5,4,4,245,32,26,37,31,39,38,42
1937,5,5,3,5,5,5,5,5,5,1,5,5,5,3,5,3,5,3,5,5,3,5,5,5,5,5,1,5,5,5,4,2,3,2,2,1,2,3,5,5,5,5,5,5,5,5,5,5,4,1,4,5,5,2,4,5,5,1,5,5,3,5,5,5,5,3,1,5,279,43,40,44,24,50,36,42
1939,4,5,3,4,5,4,5,5,5,1,4,1,1,1,3,3,5,5,5,4,4,4,4,4,2,5,5,4,5,4,3,4,3,3,2,2,4,2,4,2,4,4,4,4,4,4,5,4,4,2,4,3,4,3,2,5,4,3,4,4,5,3,4,5,4,4,4,4,251,40,29,41,27,39,34,41
1946,5,4,3,4,5,5,4,4,5,4,5,5,5,4,4,4,4,4,4,2,2,3,3,2,3,2,4,4,4,4,4,4,2,3,4,2,3,3,3,4,4,4,4,4,4,2,4,3,3,1,2,2,5,2,3,4,4,2,4,1,3,2,2,3,2,5,1,4,231,39,43,29,29,36,28,27
1947,5,5,4,5,5,5,5,5,5,1,4,1,5,5,4,2,2,2,2,5,5,5,5,4,5,2,5,5,5,4,1,1,5,4,2,2,1,3,4,5,5,4,5,5,5,5,4,4,4,4,4,5,5,1,5,5,5,1,5,5,4,1,4,5,1,5,4,2,262,44,28,46,23,46,39,36
1950,2,5,1,5,5,5,2,4,5,2,4,4,5,4,4,5,4,2,4,4,4,5,5,4,5,4,5,4,4,4,2,2,4,2,2,2,4,2,5,5,4,5,5,5,5,5,5,5,4,5,4,4,4,4,4,5,5,2,4,4,2,2,4,5,4,4,2,2,263,34,38,44,24,49,41,33
1951,4,5,4,5,4,4,5,4,4,4,4,4,3,4,5,5,4,4,3,4,4,4,4,3,4,4,4,4,4,4,4,4,4,4,2,2,4,3,5,5,4,4,4,4,4,4,5,4,4,4,4,4,5,5,4,5,4,4,5,4,4,3,4,4,4,4,4,4,275,39,40,39,31,43,43,40
1954,4,5,4,5,5,5,2,5,5,2,5,4,3,4,3,3,5,1,5,4,5,5,5,4,2,4,4,2,3,5,2,4,3,4,2,2,4,3,5,5,5,5,4,5,3,5,5,1,4,1,4,4,5,2,4,5,5,2,5,4,3,2,5,5,2,5,4,3,259,40,35,38,29,43,36,38
1956,2,4,4,5,2,4,1,2,5,5,4,4,4,4,4,5,2,5,5,4,4,5,4,4,5,5,5,5,5,4,2,4,4,3,1,1,2,2,5,3,4,2,4,4,4,3,3,4,4,2,3,4,5,5,4,4,5,2,4,1,4,1,4,5,1,2,4,2,242,29,42,46,23,36,38,28
1964,4,5,2,5,5,5,4,4,4,1,4,2,4,2,2,4,2,2,4,4,4,5,4,2,4,4,5,2,4,5,2,4,4,2,2,1,2,2,5,5,4,5,5,5,2,4,4,4,3,2,4,4,5,2,2,4,2,2,5,4,4,2,5,4,2,4,2,4,236,38,27,38,24,43,30,36
1966,4,4,4,4,4,4,4,4,5,2,4,4,5,4,4,2,4,2,2,4,4,2,2,4,4,5,4,2,4,4,4,2,4,2,2,1,2,2,4,4,5,4,4,4,5,4,4,4,4,4,4,4,4,2,2,5,5,2,4,5,5,2,4,4,1,4,4,4,243,37,33,35,23,42,36,37
1967,3,5,2,4,5,4,4,4,4,4,4,4,4,4,4,4,4,2,4,4,3,4,4,2,4,2,2,4,4,3,4,2,3,3,2,2,4,2,4,3,4,4,4,4,4,4,4,4,4,1,3,4,4,2,2,4,4,2,5,5,5,3,4,5,4,4,4,4,243,35,38,33,25,39,30,43
1969,2,4,1,4,2,2,4,1,3,1,2,2,2,2,1,1,2,1,3,4,5,4,5,4,5,5,3,2,2,5,4,3,5,2,4,2,2,2,5,2,2,2,2,2,2,2,3,5,4,2,3,5,5,1,2,5,1,2,4,4,3,4,5,4,3,3,4,5,204,23,17,39,29,27,30,39
1974,4,4,3,4,4,4,5,4,4,1,4,2,4,4,3,4,2,2,3,4,4,4,2,4,4,4,4,4,4,4,2,4,4,3,2,1,1,2,5,4,4,4,4,4,4,4,4,5,4,2,3,4,4,2,2,4,4,2,4,4,3,2,4,4,4,4,2,2,232,36,29,38,23,42,31,33
1975,3,4,2,4,3,4,5,3,4,1,3,3,1,4,2,4,4,2,3,4,5,4,4,4,4,5,5,5,5,5,3,3,3,3,2,2,3,3,5,3,4,3,4,4,4,5,4,3,5,3,4,5,4,2,3,5,4,2,5,5,4,3,4,5,4,5,4,5,251,32,27,45,27,39,37,44
1980,4,5,3,5,5,5,4,4,5,1,5,3,4,5,5,4,5,4,4,5,4,5,4,3,5,5,5,4,4,3,2,2,4,3,2,2,3,2,5,5,5,5,4,5,3,5,5,5,5,4,3,4,4,4,5,4,5,2,5,4,4,2,4,5,2,5,5,5,275,40,40,44,23,47,40,41
1982,4,4,2,2,5,4,2,5,5,1,2,1,5,2,4,2,4,1,5,4,1,1,1,1,5,1,4,4,4,4,1,1,2,4,2,2,4,2,5,4,5,5,5,4,4,5,5,5,4,2,4,2,5,2,2,5,5,1,4,4,5,3,5,4,4,5,4,5,230,33,27,26,22,47,32,43
1987,5,4,2,5,4,5,5,5,4,5,4,3,4,4,2,4,3,2,3,4,3,4,4,4,4,5,5,2,5,4,2,2,4,4,2,2,4,2,5,4,5,3,4,3,2,4,2,5,5,2,4,4,5,2,4,5,5,1,4,5,2,4,4,5,4,1,2,5,249,39,34,40,26,37,37,36
1988,5,5,2,5,4,5,4,5,5,2,2,2,4,4,4,2,4,2,4,4,4,4,5,4,4,4,5,4,5,4,3,2,3,2,2,2,4,4,5,4,4,4,4,4,3,4,4,4,4,4,4,4,4,2,2,4,5,2,5,4,5,3,4,5,4,5,4,4,257,40,30,43,26,40,35,43
1990,4,5,1,5,5,4,4,1,4,4,5,4,4,4,4,4,4,2,5,4,5,5,4,4,5,1,4,5,4,5,4,1,4,2,2,1,3,4,5,4,4,4,4,5,5,5,4,5,4,5,4,4,5,4,2,4,5,4,5,4,2,1,4,5,3,5,2,2,259,33,40,41,26,45,41,33
1994,4,4,1,4,4,4,3,2,4,1,5,1,4,4,4,5,4,1,4,4,3,4,2,1,2,2,4,4,5,4,2,3,3,2,2,2,4,4,5,4,4,3,3,3,5,4,2,1,4,2,3,4,2,2,4,4,5,2,3,3,4,2,4,4,4,4,4,3,221,30,33,31,26,34,32,35
1998,3,3,1,4,3,4,4,4,4,2,4,3,4,4,5,4,4,4,4,4,4,4,4,3,4,4,4,4,4,4,2,2,4,3,3,2,2,3,5,4,4,3,4,3,4,5,3,5,4,3,4,4,5,3,4,5,5,2,5,5,5,3,5,5,5,3,4,5,256,30,38,39,25,40,39,45
2002,2,5,1,5,5,4,2,2,4,1,4,1,1,1,2,1,2,1,2,4,1,5,5,4,2,4,5,4,5,2,3,1,1,2,2,2,3,2,5,2,4,1,4,5,1,5,5,4,5,2,4,4,5,2,4,5,5,2,5,4,2,1,1,5,1,1,2,2,201,30,16,39,18,36,38,24
2011,5,5,2,4,5,5,5,5,4,4,4,5,5,5,4,5,4,4,5,4,4,4,4,1,2,2,5,4,5,5,3,4,3,3,3,2,3,2,5,4,4,4,3,4,5,4,2,4,2,4,4,3,4,2,4,4,5,2,5,4,4,4,3,4,2,4,4,3,258,40,45,35,28,39,34,37
2012,4,5,2,4,5,5,5,4,5,1,4,2,4,4,2,2,2,2,2,4,2,2,4,2,2,2,2,4,5,4,2,2,4,2,2,2,3,4,3,4,4,4,4,4,4,4,4,3,4,4,4,2,5,2,4,5,5,2,5,4,2,3,4,4,1,4,3,3,226,39,25,29,25,38,37,33
2015,5,5,4,5,5,5,5,5,5,4,5,1,4,2,5,5,5,5,5,5,5,1,5,5,5,5,5,5,5,5,2,2,2,2,2,2,2,4,5,5,4,4,5,5,5,5,5,5,4,4,4,2,2,2,2,5,5,1,4,5,4,2,5,5,4,5,2,4,273,44,41,46,23,48,31,40
2023,5,4,4,5,4,4,4,4,4,4,4,2,4,4,4,4,2,4,3,5,4,5,4,4,5,5,5,4,4,5,1,2,4,4,2,2,3,4,5,4,4,4,4,4,3,5,4,3,2,2,2,2,2,2,4,4,5,2,5,5,4,2,4,5,1,5,4,3,250,38,35,45,27,40,27,38
2024,5,5,5,5,5,5,5,5,5,2,1,4,1,2,4,4,5,2,5,5,4,4,5,1,5,5,5,4,5,5,3,2,4,4,4,2,4,2,5,5,5,5,3,3,2,5,1,5,5,2,3,3,5,1,1,1,5,1,5,5,4,2,3,5,2,5,5,4,254,45,30,43,30,39,27,40
2025,4,4,3,5,4,5,4,2,5,1,2,3,5,3,2,2,3,4,3,2,2,4,4,1,2,2,3,3,4,4,3,3,4,3,3,2,3,2,5,5,4,3,4,4,5,5,4,3,5,2,4,5,5,2,4,5,5,2,4,5,2,2,3,5,4,3,5,3,235,36,28,27,27,42,39,36
2028,4,4,2,4,2,4,4,1,2,1,4,1,4,1,4,1,2,1,3,4,2,4,4,5,2,4,2,1,5,3,1,1,4,2,1,1,2,1,5,2,4,3,3,3,3,4,2,4,2,1,2,2,4,2,1,3,2,1,4,2,4,5,4,2,5,2,2,2,183,27,22,33,16,33,20,32
2029,4,4,3,5,4,4,5,4,4,4,3,3,2,4,2,4,3,4,5,1,2,4,4,2,3,1,4,5,4,4,1,2,3,2,2,1,2,2,5,4,4,4,4,4,5,4,5,5,4,2,3,4,5,2,2,5,2,2,4,4,4,4,4,5,3,5,4,4,236,37,34,30,19,44,31,41
2044,5,5,3,5,5,5,5,5,5,3,4,3,5,3,3,5,3,3,5,4,3,5,5,3,3,3,5,4,4,5,4,1,3,3,3,1,3,3,3,5,3,3,3,4,3,5,3,2,5,3,3,3,3,3,3,5,5,1,4,5,5,3,4,5,3,4,3,5,254,43,37,39,26,34,34,41
2053,4,5,3,5,5,4,3,4,4,2,3,1,1,2,4,1,3,2,3,4,4,5,4,3,3,4,4,3,3,3,2,4,5,3,1,1,3,2,3,5,4,3,4,5,4,5,4,1,4,1,4,3,5,2,2,5,1,1,4,5,5,3,5,5,3,3,2,5,226,37,22,37,24,38,28,40
2063,2,5,4,5,5,5,5,2,5,4,5,1,1,1,1,1,2,1,5,5,2,4,2,4,5,5,5,5,5,5,1,1,2,1,1,1,1,5,4,5,5,1,5,5,4,5,5,5,4,1,2,1,5,1,5,5,5,2,4,4,4,2,5,4,1,2,4,2,227,38,22,42,18,44,31,32
2074,5,5,3,5,5,5,5,5,5,1,4,2,5,5,4,4,3,2,2,5,4,5,5,4,5,5,5,1,4,4,4,4,4,2,2,2,2,2,5,5,5,5,5,5,3,5,5,5,5,4,4,4,5,1,4,5,5,2,5,5,5,4,4,5,3,5,4,3,274,43,32,43,26,48,39,43
2075,4,5,4,5,5,5,5,5,5,1,3,3,3,4,3,2,3,3,5,5,5,4,4,3,4,4,5,2,4,4,4,1,4,4,2,3,4,3,4,4,4,3,4,3,3,4,4,3,2,5,4,3,4,3,4,4,4,2,5,5,4,5,5,4,5,5,2,5,258,43,30,40,29,36,35,45
2076,5,5,5,5,5,5,5,5,5,1,5,5,5,5,5,5,5,5,4,5,5,5,5,5,5,5,5,5,5,5,4,3,3,5,3,2,4,4,5,5,5,5,5,3,3,5,5,3,5,5,5,4,5,4,2,5,5,4,5,5,3,5,4,5,3,3,5,5,304,45,45,50,33,44,44,43
2095,3,5,5,5,4,4,4,3,3,3,4,3,4,3,3,4,3,4,4,5,2,4,3,2,4,4,4,4,4,3,1,1,2,2,3,1,2,2,1,4,3,2,5,4,2,4,4,1,2,4,2,2,3,4,4,3,5,3,2,2,2,2,3,4,2,2,1,2,208,36,35,36,17,30,32,22
2104,4,4,2,4,5,4,3,2,5,2,4,3,5,4,4,3,3,1,3,4,4,3,3,3,4,2,4,3,5,4,1,3,3,2,2,2,3,2,4,4,4,3,4,5,2,4,4,5,3,1,3,2,5,2,2,5,1,2,5,3,4,1,4,4,1,3,2,2,216,33,32,35,22,39,26,29
2106,4,5,2,4,5,5,4,4,5,4,5,2,5,5,5,2,5,4,5,4,4,4,5,3,4,5,5,5,5,5,3,5,3,4,4,4,2,5,4,5,4,4,4,4,3,2,4,3,2,2,4,2,2,4,4,2,2,2,5,2,2,2,4,4,1,4,5,2,253,38,42,44,35,37,26,31
2118,4,4,1,2,5,4,5,5,4,1,4,2,2,4,4,4,4,2,5,2,4,4,4,3,3,2,3,3,4,4,2,2,2,3,2,2,4,2,4,4,4,3,3,4,5,4,2,4,2,4,4,3,4,4,2,4,4,2,4,2,3,3,4,4,2,4,4,4,225,34,32,32,23,37,33,34
2121,2,5,3,5,4,4,3,4,4,3,1,1,1,3,1,3,1,2,3,4,3,5,4,1,2,5,4,4,4,3,3,2,2,3,2,2,3,2,4,4,5,5,3,5,5,4,4,5,4,1,4,1,5,2,3,4,5,2,3,3,4,1,3,4,3,2,2,3,214,34,19,36,22,44,31,28
2126,5,5,3,5,5,5,5,5,5,1,3,3,3,3,5,3,3,3,3,3,4,5,3,3,3,3,5,4,3,4,3,3,3,3,2,3,3,3,5,4,5,5,5,5,5,5,5,5,4,3,5,4,5,2,3,5,4,2,5,5,5,3,5,5,2,5,3,5,265,43,30,36,27,49,37,43
2127,5,5,2,5,5,5,5,5,5,4,4,4,5,5,4,2,5,2,4,4,4,5,4,1,2,4,4,2,5,2,3,2,4,4,3,2,3,2,5,5,5,5,5,5,4,5,5,5,5,3,4,4,5,4,3,5,5,2,4,4,4,1,4,5,2,5,5,5,269,42,39,35,25,49,40,39
2134,2,5,1,5,4,4,2,2,4,2,2,4,1,2,3,1,4,3,5,1,2,4,2,1,4,1,4,2,2,2,1,2,3,2,2,3,3,4,5,4,3,2,3,4,4,2,2,3,2,1,2,4,5,5,1,4,1,2,5,4,2,2,4,2,2,5,2,4,192,29,27,23,22,32,27,32
2135,4,5,4,5,4,5,5,5,4,1,4,2,5,5,2,4,4,2,5,4,4,5,4,4,2,4,5,5,4,5,1,3,4,4,2,2,3,2,4,5,4,4,4,4,3,1,2,5,4,2,3,5,5,2,4,5,5,2,3,4,2,2,4,5,4,5,4,2,250,41,34,41,26,36,37,35
2141,2,4,1,4,4,4,2,2,4,1,2,2,4,2,2,2,4,2,2,4,4,4,4,4,4,4,2,2,2,4,2,3,4,2,2,2,3,4,5,5,4,4,4,4,3,4,4,4,4,2,4,4,4,2,2,4,1,2,4,4,3,3,4,4,2,2,4,4,214,27,23,34,26,41,29,34
2145,5,5,1,5,5,4,5,4,4,1,4,1,5,4,4,2,2,1,4,5,4,5,4,3,5,4,5,4,5,5,3,4,5,2,3,3,3,3,5,5,4,2,3,3,4,4,2,4,4,1,3,1,2,1,3,3,5,2,5,4,2,2,5,4,1,5,4,3,237,38,28,44,31,36,25,35
2147,4,2,1,4,4,4,2,4,2,1,2,1,2,2,2,4,2,1,2,5,5,5,5,5,5,5,5,5,5,5,4,2,4,4,2,2,4,3,5,2,5,2,4,3,5,5,2,4,1,2,4,4,4,1,2,5,4,1,5,2,4,3,5,5,2,5,4,2,228,27,19,50,30,37,28,37
2149,2,4,1,4,4,4,4,4,4,2,4,4,4,4,4,4,4,4,4,3,2,4,4,2,4,2,4,4,4,4,2,2,3,3,2,3,3,2,4,4,3,2,3,4,3,3,4,5,4,1,2,4,4,4,4,4,4,2,3,4,4,3,4,5,2,4,4,4,231,31,38,33,24,35,33,37
2161,4,4,4,2,4,4,5,4,4,4,2,3,4,4,4,4,4,4,4,5,4,4,4,4,4,4,4,4,5,4,4,4,4,3,2,2,4,3,3,3,4,3,3,2,2,4,2,2,4,1,3,4,5,2,3,4,2,3,4,4,4,4,4,4,4,4,5,4,244,35,37,42,30,28,31,41
2179,5,5,3,5,5,5,3,5,5,3,3,1,4,3,3,2,4,3,5,4,3,5,3,2,3,4,5,4,5,5,3,4,3,4,4,3,3,4,5,5,5,5,5,5,5,4,5,5,5,2,4,4,5,2,2,5,5,2,4,4,5,4,5,5,4,5,4,5,273,41,31,38,33,49,36,45
2181,5,5,2,5,4,5,2,4,5,4,4,1,2,4,4,5,2,2,5,5,3,4,4,4,4,5,4,2,4,2,2,4,4,4,2,2,3,4,5,4,5,4,4,4,5,5,5,5,5,1,4,5,5,2,2,4,5,2,5,5,5,4,3,5,3,2,5,3,257,37,33,39,27,46,35,40
2183,4,4,3,2,5,4,5,4,4,1,4,2,4,2,5,2,4,2,3,4,4,4,1,2,5,2,3,2,4,4,1,3,4,3,2,1,5,3,4,4,4,4,4,5,5,5,4,3,5,4,1,3,5,3,2,5,5,1,5,4,4,4,4,5,1,3,4,4,235,35,29,31,26,42,34,38
2186,4,2,1,4,4,4,5,5,5,1,4,4,2,4,2,4,4,2,5,4,4,4,4,2,5,4,4,4,5,4,2,2,4,2,2,2,4,5,5,4,4,2,2,4,4,4,4,5,4,1,4,4,4,2,2,4,4,2,5,4,5,2,4,5,4,5,4,4,244,34,32,40,27,38,31,42
2187,1,5,3,1,5,5,1,2,5,1,5,3,5,4,2,2,2,3,4,4,4,5,4,3,4,3,5,3,4,5,4,3,4,2,2,1,2,2,5,3,4,4,4,4,2,5,4,5,5,3,3,4,5,1,4,5,5,1,2,5,5,3,5,5,1,3,2,5,235,28,31,39,25,40,36,36
2201,3,5,2,5,5,5,4,5,5,2,2,2,2,3,4,3,4,3,5,4,4,4,4,3,5,4,2,2,4,4,2,2,4,3,4,2,4,2,4,4,3,3,4,4,3,4,4,4,3,1,2,4,5,4,3,4,4,3,3,4,5,2,4,5,1,5,2,5,238,39,30,36,27,37,33,36
2202,4,5,5,4,5,5,5,5,5,4,4,4,5,4,5,4,4,3,3,4,4,5,5,4,5,5,4,4,4,4,4,4,4,4,4,1,3,3,5,5,5,4,3,5,3,3,5,3,4,3,3,3,4,4,3,5,5,2,5,4,5,4,3,5,4,4,5,3,277,43,40,44,31,41,36,42
2209,5,5,4,5,5,4,2,5,5,2,5,3,4,4,4,4,4,4,2,4,3,4,2,1,4,2,5,4,5,4,4,1,4,2,3,2,5,3,5,5,5,4,4,5,2,5,5,5,5,2,5,2,5,3,2,4,2,5,5,5,3,4,5,5,4,4,4,3,260,40,36,34,28,45,35,42
2210,4,2,4,4,5,4,4,4,4,3,4,2,5,4,5,2,4,2,4,4,5,4,4,4,4,4,4,4,5,5,3,2,4,5,2,1,5,4,5,4,5,4,4,4,2,5,4,5,4,4,5,4,5,4,4,4,4,4,5,4,4,1,4,5,1,2,5,4,262,35,35,42,31,42,42,35
2211,4,4,3,5,4,4,4,3,1,3,3,3,3,3,4,2,4,2,2,4,4,2,2,4,3,3,4,2,4,4,2,3,4,2,3,2,4,2,4,5,4,4,4,5,4,5,2,4,4,1,4,3,2,2,3,4,5,2,5,5,4,4,5,4,5,4,4,4,234,32,29,32,26,41,30,44
2212,5,1,4,5,5,4,5,5,5,5,2,1,4,4,2,5,2,5,5,4,3,5,5,4,5,5,5,1,4,5,5,4,1,4,2,4,3,3,5,5,5,4,5,5,4,5,2,2,5,2,2,4,5,1,5,5,1,1,5,2,5,1,4,5,5,5,2,2,255,39,35,41,31,42,31,36
2213,4,5,2,5,4,5,5,5,5,2,3,1,3,3,4,4,4,3,5,3,4,4,4,4,3,2,4,4,4,5,2,1,3,2,1,1,2,3,5,5,5,4,3,4,5,4,4,5,4,1,5,4,5,4,2,5,4,4,5,5,4,2,4,5,3,5,4,4,251,40,32,36,20,44,38,41
2216,5,4,4,4,4,5,4,5,4,2,2,2,4,4,5,4,4,2,4,4,5,4,5,4,4,5,4,4,4,4,2,2,3,4,2,1,2,2,4,4,4,2,5,4,4,5,4,4,4,2,4,4,5,1,3,4,5,2,4,4,4,2,2,4,2,4,2,2,241,39,33,43,22,40,34,30
2217,4,5,2,5,3,5,4,5,5,2,1,2,5,4,5,4,4,5,5,4,4,5,4,4,4,5,2,4,5,4,3,3,3,3,2,2,2,1,3,4,5,4,4,5,2,4,4,2,3,4,4,3,4,2,1,4,5,2,4,4,4,3,4,4,2,3,4,4,244,38,37,41,23,37,32,36
2220,4,4,3,4,5,5,4,4,4,1,3,1,2,2,4,3,3,2,3,3,4,4,2,3,4,3,5,2,3,4,3,4,3,3,2,1,3,2,5,4,4,4,4,4,4,4,4,5,4,3,4,4,5,2,2,5,3,2,5,5,5,3,5,4,3,3,2,4,234,37,24,33,25,42,34,39
2222,5,5,4,5,5,5,5,5,5,1,5,4,5,5,5,5,5,4,5,5,5,5,5,4,5,5,5,4,5,5,1,4,4,4,1,1,5,3,5,5,5,5,5,5,5,5,5,5,5,5,5,5,5,2,4,5,5,1,5,5,5,2,5,5,4,4,2,5,298,44,44,48,28,50,42,42
2223,5,5,2,5,4,5,2,4,5,2,4,2,1,4,2,4,2,2,5,2,2,4,4,2,2,2,4,4,4,4,1,2,2,4,1,1,4,1,4,5,4,4,2,4,4,4,2,2,2,1,4,4,5,2,2,5,5,1,5,4,4,2,4,4,2,2,4,4,216,37,28,30,20,35,31,35
2224,5,4,4,5,5,5,5,5,5,2,2,1,4,4,4,5,2,4,5,3,4,4,5,4,4,4,5,4,5,4,4,5,3,4,1,2,3,3,5,3,5,5,5,5,2,5,5,5,5,2,5,4,4,1,4,5,2,1,5,5,5,4,5,5,5,2,5,5,271,43,33,42,29,45,33,46
2225,4,5,4,4,1,1,2,2,5,1,4,4,4,4,3,1,5,1,3,2,4,4,3,1,4,4,2,4,4,4,3,2,4,4,2,1,2,1,4,2,4,4,4,5,5,1,3,3,4,1,4,3,5,2,2,5,1,2,5,4,4,2,4,4,4,5,2,2,213,28,30,32,23,35,29,36
2226,2,5,4,5,4,4,2,2,4,5,2,2,2,2,2,4,2,4,5,2,1,2,1,1,2,1,4,4,5,4,4,2,2,2,4,2,4,4,4,5,4,4,4,4,4,2,5,4,2,1,1,2,5,1,2,2,2,1,4,2,1,1,2,2,2,4,2,1,193,32,30,23,28,40,19,21
2227,4,4,1,5,4,4,5,5,5,5,4,1,4,4,5,3,5,3,2,4,4,4,4,3,4,3,4,4,3,4,2,1,3,3,3,1,3,2,5,3,4,4,2,4,4,3,4,5,2,1,3,4,5,3,2,2,5,3,5,4,5,2,4,4,3,5,2,4,238,37,36,37,22,38,30,38
2234,5,5,2,5,5,5,4,4,4,1,2,3,4,2,4,2,4,3,2,5,4,3,4,3,3,4,4,2,3,4,4,3,4,2,2,1,3,2,5,5,4,5,5,4,4,4,4,5,4,4,4,4,5,2,3,5,5,2,5,4,5,4,5,4,4,4,2,5,251,39,27,35,25,45,38,42
2235,5,5,4,5,5,5,5,5,5,1,5,4,4,4,5,5,5,5,5,5,5,5,5,5,5,5,5,4,5,5,2,4,4,4,1,1,4,2,5,5,5,5,5,4,5,5,5,5,4,4,4,5,5,4,4,5,4,2,4,4,4,3,4,4,2,2,3,5,288,44,43,49,27,49,41,35
2238,5,4,3,5,5,5,5,5,4,3,4,5,1,5,4,3,4,5,4,4,5,5,5,4,5,5,5,5,5,5,1,3,1,3,1,1,3,2,5,4,5,2,3,3,4,4,4,5,4,2,4,3,1,2,4,5,5,4,1,4,4,3,3,5,4,5,3,5,257,41,38,48,20,39,34,37
2239,4,5,4,5,4,4,4,4,4,2,4,1,4,2,2,4,2,2,4,4,4,4,4,4,5,4,4,4,4,4,4,4,4,4,2,2,5,2,5,4,5,5,5,5,4,4,4,5,1,2,4,4,5,1,4,5,2,2,5,4,5,4,5,5,4,4,4,5,258,38,27,41,31,46,30,45
2242,3,5,3,5,5,5,5,5,4,1,4,2,2,4,4,4,2,4,2,5,5,5,5,4,5,4,4,4,5,5,2,4,3,3,4,1,3,2,5,5,4,4,5,4,5,5,5,5,4,1,4,2,5,4,3,5,3,2,5,5,5,4,5,5,2,5,2,5,265,40,29,46,27,47,33,43
2243,5,5,3,5,5,5,5,5,5,1,1,1,1,1,1,1,2,1,5,5,4,5,4,4,2,2,5,4,4,4,4,5,5,4,2,2,3,2,4,4,5,5,5,4,5,5,5,4,4,5,4,5,5,1,3,5,5,1,5,4,4,4,4,4,2,4,5,5,253,43,15,39,31,46,38,41
2246,4,5,3,4,5,5,2,4,5,4,5,1,4,2,4,4,2,4,5,4,4,5,4,2,2,4,4,4,5,5,2,2,4,4,1,1,4,2,3,4,5,4,4,4,4,4,4,3,4,4,4,4,5,2,4,5,5,2,5,4,2,2,4,5,1,4,4,4,248,37,35,38,25,39,39,35
2247,3,5,3,5,5,5,3,4,5,1,4,2,4,2,2,4,4,2,4,4,4,4,4,4,5,4,5,4,5,4,3,4,4,3,2,2,3,2,5,4,4,4,4,4,4,4,4,5,4,1,4,4,4,2,5,5,1,3,5,5,4,3,4,5,3,4,2,5,252,38,29,43,27,42,33,40
2248,5,5,4,5,5,5,5,5,5,4,4,4,4,5,5,5,5,5,4,4,4,5,4,2,4,2,5,4,5,4,2,2,2,4,2,2,4,2,5,5,5,5,5,5,5,5,5,5,4,2,4,5,5,4,2,5,5,2,5,5,4,2,5,4,1,4,4,5,279,44,45,39,24,50,38,39
2249,4,5,1,5,5,4,4,2,4,1,5,1,5,3,1,2,4,3,5,4,5,5,3,1,3,3,5,1,5,5,1,4,4,5,1,1,4,1,4,3,5,4,2,2,1,3,5,2,5,5,5,4,5,3,4,4,5,2,5,5,5,4,5,5,1,5,1,5,239,34,30,35,26,31,42,41
2251,4,5,2,5,4,4,4,4,4,2,4,1,4,4,4,3,3,4,4,4,4,5,4,3,4,4,4,4,5,4,2,2,4,2,2,1,3,2,4,5,4,3,3,4,3,4,4,4,4,4,3,4,5,2,3,4,4,3,5,4,4,3,4,5,3,5,4,4,247,36,33,41,22,38,36,41
2252,1,3,1,4,1,4,2,2,3,1,4,1,2,1,4,3,2,3,4,1,1,3,2,1,2,2,5,2,3,2,3,1,2,2,3,2,2,4,4,2,3,3,3,3,3,4,2,3,4,1,1,3,3,1,3,5,5,2,4,4,4,3,2,4,3,2,2,3,178,21,25,22,21,30,28,31
2253,2,5,3,4,2,4,3,2,4,1,3,2,3,3,4,3,2,4,2,2,4,4,3,3,4,3,2,4,2,4,3,4,3,2,2,2,4,2,5,4,2,3,3,5,4,2,3,3,2,2,5,3,3,4,5,4,2,3,5,5,4,4,4,5,1,5,2,4,219,29,27,31,26,34,33,39
2256,5,5,2,5,5,5,4,5,5,3,5,2,5,5,5,4,5,4,3,5,5,4,5,4,4,4,5,4,5,5,1,4,4,2,1,1,2,2,5,5,5,5,5,4,3,5,4,5,4,3,4,4,5,5,3,5,5,4,5,4,5,2,5,5,1,5,4,4,277,41,41,45,22,46,42,40
2258,3,5,1,5,4,4,2,2,5,5,4,3,4,4,4,5,4,5,5,4,3,4,3,1,4,4,5,4,5,3,2,3,3,2,3,1,3,2,5,3,5,5,4,5,4,5,5,3,4,3,2,2,4,5,4,5,5,2,4,5,1,1,2,5,1,5,1,4,242,31,43,37,22,44,36,29
2259,2,4,4,4,1,5,4,4,5,1,2,4,1,2,2,5,5,4,5,4,2,5,5,1,5,2,4,2,5,4,1,2,5,2,2,1,4,2,1,2,4,4,1,2,2,4,4,1,1,4,4,1,5,2,1,4,5,2,4,3,2,1,4,4,1,2,5,4,206,33,31,35,23,25,29,30
2260,5,5,3,5,3,5,5,5,5,5,3,4,5,4,3,5,4,5,5,3,3,2,3,2,3,2,3,2,5,4,3,4,4,5,4,2,3,4,5,5,4,5,5,5,2,4,5,3,4,5,4,4,5,5,4,4,5,4,4,3,2,1,3,4,1,4,3,2,259,41,43,28,33,43,44,27
2261,4,5,2,1,4,4,4,5,5,1,2,3,4,4,4,2,4,1,5,4,4,4,5,1,4,4,4,4,5,4,2,3,4,4,5,1,5,4,5,3,4,3,3,2,5,4,4,3,3,5,4,3,4,1,4,4,1,1,5,4,3,3,4,5,1,5,3,2,236,34,30,39,32,36,30,35
2262,4,5,2,5,5,4,4,5,4,1,2,1,3,2,3,2,2,1,5,1,2,5,1,1,1,1,4,2,2,4,2,3,2,2,2,1,3,1,5,4,4,4,4,5,3,4,4,5,4,3,4,2,2,3,3,2,5,2,4,4,1,3,4,4,1,4,2,2,201,38,22,20,20,42,30,29
2263,5,5,2,5,5,5,5,5,5,1,2,2,4,4,2,4,2,1,5,4,2,5,4,2,2,2,4,4,4,5,2,4,4,4,3,2,4,3,5,5,5,5,5,4,3,5,5,5,5,3,5,5,5,2,2,5,2,1,5,5,5,4,5,5,4,5,4,3,260,42,27,33,31,47,35,45
2264,1,5,1,5,1,4,1,2,5,1,2,1,2,2,1,1,2,1,4,5,5,4,5,5,5,5,4,2,5,3,3,4,4,4,5,3,2,4,4,4,4,1,4,4,2,4,1,2,4,1,4,4,5,2,4,5,2,2,4,4,4,2,5,4,4,2,3,4,218,25,17,45,32,30,33,36
2265,4,4,1,4,3,3,3,2,2,1,3,2,4,3,1,2,3,2,3,1,3,4,3,3,2,3,2,4,4,5,2,4,4,4,2,1,2,2,5,4,4,4,4,4,3,3,2,5,4,3,5,4,5,2,2,5,5,3,4,5,4,3,5,4,3,2,2,5,218,26,24,29,26,38,38,37
2268,5,5,1,5,5,5,5,5,1,1,2,3,1,2,4,5,2,2,5,5,2,5,3,1,4,4,5,2,1,3,2,2,3,2,2,1,4,2,5,4,5,5,4,4,5,5,5,5,5,1,1,4,5,2,1,5,2,1,5,5,5,3,4,5,2,5,2,3,230,37,27,32,21,47,27,39
2269,2,4,4,5,4,4,4,4,4,1,5,4,4,4,2,2,4,2,3,4,3,4,3,2,2,2,5,4,4,4,3,2,3,4,2,2,4,2,5,4,5,4,4,5,3,2,4,4,5,2,3,5,5,4,2,4,2,4,5,4,2,4,4,5,1,5,4,3,238,35,31,33,26,40,36,37
2272,3,5,1,5,4,5,5,4,4,4,2,2,3,3,5,5,2,5,5,4,3,4,4,2,3,4,4,3,5,1,2,2,2,2,1,1,2,1,3,5,4,4,4,4,4,5,2,3,2,4,2,3,5,4,2,2,4,1,4,3,3,3,2,4,5,1,1,3,218,36,36,36,14,38,29,29
2273,4,4,1,4,1,2,2,2,2,2,1,1,1,2,2,4,1,4,4,2,2,3,2,1,2,2,3,1,2,2,1,1,2,1,3,1,2,2,3,2,2,1,2,2,2,3,2,2,2,1,1,2,1,1,2,4,1,1,3,2,1,1,1,3,2,2,2,2,135,22,22,20,15,21,16,19
2277,4,4,4,5,4,4,2,3,4,4,4,2,4,4,3,2,3,2,2,4,4,3,4,4,4,4,4,4,4,4,3,3,4,3,3,2,3,3,4,4,4,2,4,4,2,3,2,4,4,4,3,4,4,2,3,4,4,2,4,4,4,2,4,4,4,3,2,3,232,34,30,39,28,33,34,34
2278,2,4,4,4,4,5,4,4,4,4,5,4,4,4,2,1,4,4,5,4,4,3,4,2,4,2,2,4,4,3,2,2,3,2,2,2,4,2,5,4,4,4,5,4,4,4,4,5,4,4,5,4,4,5,2,4,5,4,2,4,4,1,4,4,1,4,4,2,241,35,37,33,22,43,41,30
2280,3,5,3,5,5,4,4,2,4,3,4,3,4,4,4,2,3,3,3,5,3,4,5,4,5,5,4,4,4,4,3,3,3,3,3,2,3,3,5,5,4,4,3,3,4,3,4,4,4,1,2,3,4,2,2,4,2,1,5,4,5,4,3,5,4,3,4,3,242,35,33,43,27,39,25,40
2281,5,5,4,5,5,4,5,5,4,4,4,4,5,4,4,2,4,2,5,5,4,4,4,2,4,5,5,5,5,5,1,4,4,2,2,2,2,2,4,4,4,2,4,4,4,5,4,2,5,2,2,4,5,2,2,5,5,2,4,5,4,5,5,5,4,5,4,5,264,42,38,43,24,37,34,46
2283,5,5,4,5,5,5,5,4,5,1,5,4,5,2,4,4,4,2,5,2,2,4,4,2,4,4,4,5,5,4,2,2,4,3,2,2,4,4,4,4,4,4,4,4,4,4,4,5,4,4,2,4,5,2,4,5,5,2,2,4,4,4,4,5,2,3,4,5,257,43,36,36,27,41,37,37
2284,4,5,3,4,1,4,1,2,4,1,4,1,4,2,2,3,2,1,3,5,2,4,4,2,4,4,4,2,3,2,1,2,1,4,1,1,1,1,5,4,5,4,3,5,3,4,2,5,3,1,2,4,5,1,3,4,2,1,5,4,4,1,4,4,2,3,1,3,196,28,23,34,14,40,26,31
2286,1,5,5,5,5,4,3,2,2,1,3,4,4,4,3,3,4,2,5,5,3,5,5,5,5,5,5,2,5,4,3,4,4,2,5,4,2,3,4,4,5,4,3,4,5,3,4,5,2,3,4,3,4,1,1,5,2,1,4,4,4,4,3,4,2,2,2,3,240,32,33,45,31,41,26,32
2290,5,5,4,5,5,5,5,5,5,2,4,4,4,4,4,4,4,4,5,4,4,4,4,4,4,4,5,4,5,4,4,2,4,4,4,2,4,4,4,5,5,5,5,4,5,5,5,5,4,4,5,4,4,2,3,5,4,2,5,5,4,2,4,5,4,5,4,4,284,44,39,42,32,48,37,42
2292,4,5,3,5,5,4,2,5,4,2,4,3,1,4,2,2,5,2,4,4,3,4,4,2,2,2,4,4,4,4,2,3,1,4,2,1,4,3,3,4,5,4,4,3,3,4,4,5,4,2,4,1,5,2,4,5,2,2,4,4,4,4,4,5,4,4,4,3,233,37,29,33,24,39,31,40
2293,5,5,5,5,5,5,5,5,5,4,5,5,5,5,5,5,5,5,5,5,5,5,5,5,5,5,5,5,5,5,4,4,5,4,5,3,4,4,5,5,5,5,5,5,4,5,5,5,4,5,4,5,5,4,4,5,5,4,4,4,4,3,4,4,4,5,4,5,317,45,49,50,38,49,45,41
2295,5,3,2,5,5,3,2,2,4,4,4,4,3,3,4,2,3,5,2,5,4,4,4,3,5,5,5,4,5,4,3,2,4,3,4,3,2,3,4,3,4,3,3,2,5,3,3,5,3,2,3,3,4,2,3,4,3,2,5,4,5,4,4,5,5,3,3,5,244,31,34,44,28,35,29,43
2296,3,4,1,4,1,4,1,1,2,1,2,4,4,4,2,2,2,2,2,4,2,2,4,2,2,2,4,2,4,4,2,1,2,3,2,2,1,2,5,3,4,1,3,4,4,4,1,4,4,2,4,4,5,2,4,5,4,3,4,4,5,4,4,4,4,2,2,2,198,21,25,28,19,33,37,35
2298,2,4,1,4,4,4,4,3,4,3,5,4,3,4,2,4,3,3,5,3,3,4,2,2,3,2,4,5,5,4,2,3,4,3,3,2,3,3,5,4,4,4,4,4,5,5,4,5,4,2,4,5,5,3,2,5,4,3,4,5,5,1,5,4,2,4,2,5,244,30,36,33,27,44,37,37
2302,4,2,1,1,5,4,3,4,4,1,3,2,2,2,4,4,2,4,4,4,3,4,4,3,4,4,4,3,2,4,2,3,4,2,2,2,2,1,4,4,4,3,2,4,3,4,3,4,4,1,4,3,2,2,2,4,3,2,4,5,4,4,4,4,4,2,4,4,214,28,28,35,22,35,27,39
2304,5,5,4,5,5,5,4,2,5,3,2,1,4,4,3,3,1,2,3,3,3,5,3,3,1,3,5,5,2,4,1,3,3,3,3,1,2,2,5,5,4,5,4,4,5,5,3,5,3,1,3,5,5,1,1,5,5,1,4,5,5,1,4,3,4,5,2,5,234,40,26,33,22,45,30,38
2305,4,4,5,4,4,5,2,2,4,2,4,2,2,4,4,2,4,4,2,4,4,4,4,2,5,4,5,4,5,5,4,5,4,4,4,3,4,4,2,4,4,4,4,4,2,4,4,2,4,2,4,4,5,4,4,2,4,4,4,2,4,2,4,4,4,5,4,3,249,34,30,41,37,34,37,36
2307,2,4,2,5,5,4,4,4,5,1,2,2,4,1,2,2,2,1,3,1,2,4,4,2,4,2,1,2,4,4,3,2,4,4,5,3,4,2,5,4,4,4,4,4,2,2,2,2,4,1,4,4,4,5,5,5,2,1,4,5,3,4,4,5,5,5,4,2,221,35,20,26,31,33,35,41
2308,4,5,4,5,5,4,4,4,4,2,4,2,4,4,2,4,2,2,2,4,4,4,4,4,4,4,4,4,4,4,2,4,4,3,2,1,3,2,5,5,5,4,5,4,4,4,4,5,4,2,4,4,5,2,2,5,5,2,5,4,4,2,4,5,2,4,4,4,250,39,28,40,25,45,35,38
2309,4,5,1,5,5,4,4,4,3,1,4,2,4,4,2,1,4,2,4,3,3,4,4,2,3,4,5,4,4,4,2,3,2,2,2,1,3,2,5,4,5,4,4,4,3,2,4,4,4,2,4,3,4,2,3,2,4,2,4,4,2,3,4,5,1,3,2,3,220,35,28,36,21,39,30,31
2310,4,4,2,4,5,4,5,5,5,3,3,4,4,5,3,2,2,2,5,4,4,5,4,4,5,3,5,5,4,3,3,1,5,3,3,2,3,2,5,4,5,4,4,3,3,5,4,5,4,4,5,4,5,2,3,5,5,1,5,5,4,4,3,4,4,5,3,5,261,38,33,43,25,42,38,42
2311,5,5,4,5,5,5,5,5,5,1,5,5,3,3,4,5,4,3,1,5,3,5,4,3,3,3,5,4,5,4,4,3,4,3,3,1,3,3,5,5,5,5,5,5,3,5,5,4,4,5,5,4,5,3,2,1,5,3,5,2,2,2,1,5,5,5,2,5,264,44,34,40,28,47,37,34
2315,5,5,4,5,5,5,5,5,5,2,5,4,5,2,4,2,5,4,4,5,4,5,5,4,5,5,5,5,5,5,3,3,3,3,2,2,5,3,5,5,5,5,5,5,4,1,5,5,5,4,5,4,4,2,5,5,5,2,5,4,4,2,5,5,2,5,4,5,285,44,37,48,29,45,41,41
2317,5,5,3,5,5,5,5,5,5,4,5,1,5,4,5,5,4,5,5,1,4,4,3,3,4,3,5,2,4,5,1,1,3,2,3,2,2,3,5,5,4,5,5,5,3,1,5,5,5,3,5,4,4,2,2,5,5,1,5,5,5,2,4,5,3,4,4,4,261,43,43,33,22,43,36,41
2318,5,5,3,5,5,5,5,5,5,3,5,3,4,3,3,2,2,3,3,4,4,4,4,3,3,3,4,3,4,4,3,3,4,4,2,1,3,2,5,4,5,4,4,4,4,1,4,5,4,1,4,4,5,2,2,5,4,3,5,5,4,1,4,4,3,4,3,5,248,43,31,36,26,40,34,38
2319,4,5,3,5,4,5,4,4,4,3,3,4,4,3,2,3,3,1,3,2,2,5,4,2,3,3,5,2,4,5,1,4,4,3,2,1,3,4,5,5,5,4,3,5,4,5,4,3,3,1,4,3,4,2,2,4,2,2,5,3,4,3,3,4,4,4,2,3,231,38,29,32,27,43,27,35
2320,4,5,4,5,2,4,2,4,4,2,3,1,1,2,2,2,2,4,4,5,3,5,4,2,5,3,5,3,3,4,3,4,3,3,2,1,5,3,4,3,3,4,3,5,3,5,4,4,2,1,4,3,4,2,3,4,2,2,4,4,5,3,3,5,5,5,3,3,228,34,23,38,28,38,27,40
2324,4,2,2,1,5,4,4,1,4,1,4,2,5,2,2,1,2,1,2,4,4,4,4,4,5,4,5,4,4,5,2,4,4,4,2,2,4,2,4,2,5,4,5,5,5,5,4,4,4,4,4,4,1,4,4,5,4,2,5,5,4,3,5,5,4,5,4,5,244,27,22,42,29,43,36,45
2326,5,4,2,4,4,4,5,4,4,2,4,4,4,4,2,2,2,4,2,4,4,4,4,4,4,4,4,1,4,4,2,2,4,3,3,2,4,2,4,4,4,4,4,4,5,4,4,2,4,4,2,3,5,2,3,4,5,2,4,4,2,2,3,4,2,4,2,3,232,36,30,37,26,39,34,30
2327,4,5,4,5,5,5,4,4,4,1,4,1,4,4,2,3,3,3,3,3,3,4,4,3,4,4,4,2,4,4,3,3,4,4,2,1,3,2,2,4,4,3,4,3,4,5,4,3,5,5,5,3,4,2,4,5,5,2,5,5,5,2,5,4,4,5,2,3,245,40,28,35,26,36,40,40
2328,4,4,2,5,4,4,2,2,4,2,3,1,4,4,2,1,2,1,2,1,2,4,4,2,1,2,5,5,5,4,1,2,2,3,2,2,1,2,4,4,4,4,3,3,3,3,2,3,4,1,2,4,4,1,4,4,2,2,4,5,4,4,2,4,2,5,2,3,199,31,22,31,19,33,28,35
2331,4,5,3,5,5,5,5,4,5,1,4,4,4,2,2,2,4,2,4,4,4,4,4,2,2,5,4,4,4,4,4,4,3,5,2,2,4,4,5,4,5,4,4,4,5,5,3,4,2,3,4,4,5,4,4,5,5,5,4,5,4,2,4,5,2,5,1,4,259,41,29,37,32,43,41,36
2332,3,4,2,4,4,3,4,3,4,2,3,3,3,3,3,4,3,2,2,3,2,4,3,3,5,3,5,3,4,4,1,1,3,3,3,1,2,3,4,4,4,3,2,3,3,5,4,4,4,2,1,2,4,2,3,5,5,3,5,4,4,2,4,5,2,5,4,5,222,31,28,35,21,36,31,40
2333,4,5,3,5,5,5,1,5,4,3,5,1,5,5,2,2,4,2,4,4,5,4,4,4,5,4,5,2,4,4,2,4,5,3,4,2,1,3,5,5,4,4,5,5,4,4,5,3,2,4,2,4,4,3,3,5,5,2,3,4,2,4,5,5,1,3,2,5,251,37,33,41,28,44,34,34
2339,4,5,3,5,5,5,5,5,5,2,4,4,4,3,2,2,3,4,3,2,4,5,5,2,4,3,5,3,3,4,2,1,4,3,2,1,3,2,5,5,4,4,4,4,5,5,3,5,5,1,4,3,4,4,2,5,2,2,5,4,4,2,3,5,2,5,2,3,242,42,31,36,22,44,32,35
2344,4,5,1,5,5,4,2,4,4,1,2,2,5,2,2,2,2,2,4,4,3,4,4,4,5,4,5,4,5,4,1,3,4,2,4,3,3,2,4,5,5,4,4,5,4,4,4,4,3,2,3,4,5,1,1,5,4,1,5,4,3,2,4,4,1,3,2,5,231,34,24,42,26,43,29,33
2346,5,5,5,5,5,5,5,5,5,1,3,1,4,2,3,2,2,1,1,5,5,5,5,2,4,4,5,3,5,5,3,5,5,3,2,1,3,2,5,5,5,5,5,5,5,5,5,5,5,3,3,5,5,1,3,5,3,1,5,5,5,4,4,5,2,5,3,2,261,45,20,43,29,50,34,40
2347,4,4,4,5,5,4,4,4,4,2,4,4,4,4,4,4,4,2,4,4,4,4,4,4,4,4,4,4,4,4,2,4,4,2,2,2,3,2,4,4,4,4,4,4,4,4,4,4,4,3,4,4,5,2,3,4,5,2,4,4,4,2,3,4,2,2,4,4,248,38,36,40,25,40,36,33
2348,4,5,3,5,5,4,2,4,4,1,4,4,4,3,4,3,2,4,2,2,2,4,3,3,2,2,1,4,2,4,2,3,4,3,3,1,2,2,5,5,4,4,4,5,5,5,4,5,4,1,4,3,5,3,2,4,5,4,4,2,4,4,5,5,2,4,4,5,236,36,31,25,24,46,35,39
2349,4,4,3,4,5,5,5,4,4,2,3,3,4,2,3,3,3,2,3,4,4,4,4,4,3,4,4,3,2,4,3,3,4,3,2,2,3,2,4,4,5,3,4,4,3,4,4,5,4,2,4,3,4,2,2,5,5,2,5,4,3,3,3,5,3,4,4,3,238,38,28,36,26,40,33,37
2353,2,5,3,5,1,4,4,3,5,1,5,4,4,4,3,5,4,4,3,1,4,5,4,3,5,3,5,4,5,4,3,3,4,5,3,1,2,2,4,4,5,4,4,5,5,3,2,4,4,3,4,4,4,5,4,5,5,4,4,5,5,5,5,5,4,3,3,5,261,32,37,39,27,40,42,44
2356,5,5,3,5,5,5,5,5,5,2,3,4,3,4,5,5,3,5,5,5,5,5,5,5,5,5,5,5,5,5,4,1,5,1,3,1,2,3,5,4,5,5,3,5,5,5,2,5,3,3,3,2,5,1,1,5,4,1,3,5,5,3,5,3,1,5,4,5,268,43,39,50,25,44,28,39
2357,4,5,4,5,5,5,5,5,5,3,5,1,5,5,3,3,2,3,3,3,3,5,5,3,2,3,3,3,2,5,5,4,3,3,1,1,2,1,5,5,5,5,5,5,5,5,5,5,4,4,5,5,5,2,3,5,5,1,5,4,5,3,5,5,3,3,3,5,263,43,33,32,25,50,39,41
2359,1,4,2,5,4,5,4,4,4,1,4,3,4,3,4,2,4,2,4,4,5,5,5,4,5,5,5,5,5,5,3,4,5,3,2,3,3,3,4,5,5,5,4,5,4,4,4,5,5,2,3,4,5,2,3,1,4,2,4,4,4,3,4,5,3,4,4,4,258,33,31,48,31,45,31,39
2361,4,5,5,5,4,5,5,5,5,1,5,2,4,4,4,1,2,1,4,4,4,4,4,4,2,4,5,2,5,5,4,4,5,4,4,1,4,4,5,5,5,4,4,4,5,5,5,5,5,5,5,5,5,4,4,5,5,4,5,5,5,5,5,5,5,4,2,5,284,43,28,38,35,47,47,46
2365,4,3,2,3,5,4,5,5,3,1,4,1,2,4,2,2,2,2,2,4,4,3,4,3,4,5,5,4,5,4,3,4,4,4,3,3,4,3,4,3,4,3,3,3,5,5,2,4,5,2,4,4,5,2,3,1,2,2,4,5,3,3,5,5,4,5,4,5,238,34,22,41,32,36,30,43
2367,4,4,3,3,4,4,4,3,4,3,4,3,4,4,3,3,3,3,2,2,3,4,3,2,2,3,4,2,3,4,2,2,3,4,2,1,3,2,4,4,3,3,3,4,3,3,3,3,3,2,4,3,4,3,4,4,4,2,4,2,2,2,2,4,2,4,2,2,208,33,32,28,23,33,33,26
2368,5,5,4,5,5,5,5,5,5,1,4,4,5,4,4,4,5,3,3,2,3,4,4,2,2,2,5,4,4,4,3,2,4,4,3,2,4,2,3,4,5,4,4,4,4,2,4,4,4,4,4,4,5,2,2,5,5,2,5,5,4,3,3,5,4,4,4,2,255,44,37,32,28,38,37,39
2370,4,5,2,5,4,4,4,5,5,1,4,1,3,3,2,4,2,2,3,2,3,3,3,2,2,2,4,4,4,3,2,2,3,4,2,2,4,2,4,4,4,3,3,3,5,3,2,2,2,2,3,2,4,2,1,5,5,1,5,4,3,3,4,4,4,4,3,3,213,38,25,29,24,33,27,37
2371,4,5,3,5,4,5,4,4,4,3,2,2,3,3,3,3,3,3,4,4,3,4,3,4,3,3,5,3,3,3,3,2,3,3,2,2,3,2,5,5,4,4,3,3,4,4,4,5,4,3,3,3,4,2,3,3,3,1,4,4,4,3,4,5,3,3,3,2,230,38,29,35,23,41,29,35
2374,4,4,1,4,5,5,5,5,5,2,4,2,4,4,5,5,5,4,5,5,4,5,5,4,5,4,5,4,5,5,2,3,4,4,2,1,3,2,5,4,4,4,4,4,4,4,5,1,4,2,4,4,5,2,4,5,4,2,4,5,4,4,5,5,1,4,4,5,266,38,40,46,26,39,36,41
2377,4,4,1,4,5,5,2,5,5,1,4,3,3,4,5,4,1,1,5,4,2,4,4,4,2,4,2,1,2,4,3,1,2,5,4,3,3,2,5,5,5,5,4,5,5,4,4,5,5,2,3,4,5,2,2,5,5,2,5,4,4,4,1,5,5,4,4,4,244,35,31,29,27,47,35,40
2378,4,4,1,4,2,4,2,2,4,1,4,1,2,3,2,4,4,2,5,1,1,4,4,1,1,1,4,3,3,4,1,3,4,4,2,1,2,2,4,4,4,4,4,4,5,5,4,3,4,1,1,4,4,4,4,4,1,2,4,4,5,3,3,4,3,5,2,3,207,27,28,23,23,41,29,36
2379,5,5,2,5,5,5,4,4,5,1,2,2,4,4,5,4,4,3,4,2,4,5,4,2,4,2,5,5,5,4,3,4,3,3,2,1,3,3,5,4,4,4,2,4,3,5,4,5,4,1,2,4,4,2,2,5,2,2,5,5,5,3,5,5,2,5,2,5,247,40,33,38,26,40,28,42
2383,4,4,2,4,4,4,4,4,5,1,4,4,5,4,5,2,5,5,5,4,4,4,4,4,5,3,4,4,5,4,2,2,4,3,2,1,3,2,4,4,4,4,4,4,4,4,4,4,5,2,4,4,5,3,2,5,4,4,5,5,5,5,5,5,5,5,4,5,266,35,40,41,23,40,38,49
2389,1,2,2,1,2,2,2,2,2,2,3,1,4,2,2,5,2,2,5,1,2,4,1,2,2,3,3,2,2,4,3,1,3,4,3,2,3,3,3,4,4,2,3,3,3,4,2,4,4,1,4,4,5,2,2,5,4,1,4,4,4,1,4,5,2,2,2,5,189,16,28,22,26,32,32,33
2390,3,2,1,2,3,4,2,2,4,2,4,3,5,3,3,4,3,2,4,3,3,3,3,2,2,3,5,2,4,3,3,3,4,4,2,2,2,2,4,4,4,4,4,4,4,4,4,4,5,3,5,4,5,2,2,5,4,3,3,5,4,2,4,4,2,3,2,4,222,23,33,30,25,40,38,33
2394,4,5,1,5,5,5,5,4,5,1,5,4,5,4,2,4,4,2,5,4,4,5,4,1,4,1,5,2,5,4,2,4,4,2,2,1,2,2,5,3,5,4,2,4,2,1,1,5,4,1,5,4,5,4,5,5,1,1,5,5,4,1,4,5,2,4,1,4,235,39,36,35,23,32,35,35
2395,4,2,5,5,5,5,4,2,4,1,1,2,4,4,4,4,4,3,4,4,4,5,4,2,4,4,2,4,5,5,4,4,4,4,3,2,2,4,5,4,5,5,4,3,4,5,3,5,4,4,2,4,5,2,3,4,5,2,5,5,3,2,2,4,5,3,3,2,249,36,31,38,32,43,35,34
2396,5,5,1,5,5,5,5,5,5,5,5,4,4,4,4,4,5,4,5,4,4,4,4,1,3,2,5,5,4,4,4,1,3,4,3,2,3,4,4,3,5,4,4,4,5,5,4,5,4,1,2,3,5,2,3,4,4,1,5,5,2,2,3,5,2,4,3,3,255,41,44,36,28,43,29,34
2401,5,5,4,5,5,5,5,5,4,2,5,2,5,4,3,4,2,1,5,5,4,5,5,4,4,5,5,5,5,4,4,4,4,1,4,3,4,4,5,4,5,4,4,4,2,5,4,4,4,5,4,4,5,4,4,4,5,2,5,4,2,2,3,5,2,5,3,2,270,43,33,47,32,41,41,33
2403,4,4,1,5,3,4,5,3,2,1,4,3,4,4,2,4,4,3,2,3,1,5,4,1,1,3,4,2,5,5,1,1,3,4,3,1,2,2,5,3,4,4,3,3,5,5,2,3,4,4,5,4,5,4,4,5,4,5,5,4,5,1,4,5,1,5,1,5,230,31,31,29,22,37,44,36
2404,2,2,2,4,2,2,2,2,2,2,4,2,4,2,2,4,2,2,2,4,2,4,4,2,4,4,2,2,2,4,4,2,2,4,2,2,2,3,4,4,4,2,2,4,4,2,2,4,2,2,4,3,4,2,2,4,2,3,4,4,3,2,3,4,2,4,2,4,193,20,26,30,25,32,28,32
2405,4,4,4,4,4,5,4,4,5,2,4,4,4,4,2,1,2,1,2,4,3,3,4,3,3,4,4,2,4,3,5,4,3,4,4,3,5,4,5,5,5,5,5,5,5,4,5,5,4,4,5,4,5,2,4,5,4,3,5,5,5,2,4,5,2,5,4,4,263,38,26,34,35,49,40,41
2406,4,4,5,4,5,4,5,5,4,1,1,1,3,3,3,4,2,3,5,1,1,4,2,1,2,1,5,4,3,2,1,1,2,2,2,1,2,2,4,4,3,3,3,3,1,3,4,3,1,1,4,4,4,1,3,5,1,1,5,4,4,3,4,5,2,3,4,5,200,40,26,24,15,31,25,39
2407,4,4,2,5,5,4,5,4,5,1,4,2,4,4,4,4,2,2,4,4,2,4,4,1,1,2,4,2,4,5,2,2,4,2,2,1,3,2,5,4,4,4,4,4,5,4,4,4,1,1,1,4,5,2,4,5,5,2,4,4,5,2,5,5,4,5,2,5,233,38,31,28,23,42,30,41
2408,5,4,2,4,4,4,2,2,4,2,4,3,2,3,4,2,3,3,3,4,3,4,3,3,3,3,3,2,4,4,3,3,3,4,4,2,3,2,4,4,4,4,4,4,4,5,4,5,5,3,5,4,5,3,3,5,5,2,5,5,5,2,5,5,2,4,4,5,244,31,29,32,28,42,40,42
2410,3,4,1,4,5,4,2,3,5,1,5,4,4,4,2,2,4,2,4,4,4,5,3,2,5,2,3,3,5,4,3,3,5,2,3,1,3,2,5,4,5,4,4,4,2,4,4,5,4,1,4,4,4,4,4,5,1,2,5,4,5,3,4,5,1,5,1,4,236,31,32,36,26,41,33,37
2413,4,4,3,4,3,4,2,2,3,4,3,4,4,2,5,2,4,3,4,4,4,2,3,3,2,4,3,3,4,4,2,4,4,2,2,2,2,2,4,4,4,4,4,4,4,4,3,2,3,2,4,2,4,1,4,4,3,2,5,4,4,2,3,4,3,4,2,3,220,29,35,32,24,37,29,34
2417,4,4,3,3,4,4,2,2,2,1,4,4,4,2,2,2,2,3,2,3,5,4,4,4,2,3,5,2,2,4,2,3,4,5,3,2,4,2,5,4,3,4,4,5,5,5,4,1,4,3,4,2,5,2,2,3,3,2,5,5,3,3,4,5,1,4,3,2,222,28,26,34,29,40,30,35
2421,3,5,5,5,4,5,4,4,5,2,5,4,5,4,5,2,5,3,3,5,5,5,4,5,5,5,5,5,5,5,3,5,5,4,1,1,3,2,4,4,5,5,5,5,5,5,5,4,5,3,5,5,5,5,3,5,5,2,5,5,4,2,4,5,2,5,5,5,288,40,38,49,29,47,43,42
2422,5,5,4,4,5,5,5,5,5,3,2,4,5,5,5,5,4,5,5,5,5,5,5,5,5,5,5,5,5,5,4,5,5,4,3,3,5,5,3,5,5,3,4,4,3,5,5,3,4,5,3,4,4,2,1,5,5,2,4,4,4,4,3,5,4,3,3,3,287,43,43,50,39,40,35,37
2424,4,5,4,5,5,5,5,5,5,4,5,5,4,5,5,2,5,5,5,4,2,5,4,1,4,2,5,5,5,4,3,2,3,1,2,1,5,2,5,5,4,2,4,4,5,4,4,5,4,5,2,1,5,4,4,5,5,5,5,4,2,1,4,5,1,5,1,2,260,43,45,37,23,42,40,30
2426,5,5,4,5,5,4,2,2,4,4,4,4,4,5,4,4,5,4,5,5,5,5,4,4,5,4,5,5,5,1,5,5,4,2,5,2,4,5,2,2,2,4,4,4,4,2,2,2,4,2,2,2,4,2,4,4,4,2,3,4,2,1,5,5,2,4,4,2,249,36,43,47,33,28,30,32
2428,4,5,3,5,5,5,4,4,5,5,4,4,4,4,4,4,4,5,4,4,3,4,4,4,2,1,4,2,5,3,3,3,4,4,3,2,1,3,5,4,4,5,5,5,3,4,5,5,4,2,3,3,4,4,4,4,5,2,4,4,3,4,2,5,2,3,4,3,255,40,42,33,26,45,35,34
2431,5,5,5,5,5,5,4,5,5,3,4,4,5,4,4,4,4,4,4,5,4,4,4,5,5,5,4,2,5,4,4,4,5,4,5,1,4,3,5,5,5,5,5,5,5,5,5,5,1,4,5,5,5,4,3,5,5,3,5,5,4,3,5,5,4,5,3,5,295,44,40,43,34,50,40,44
2432,5,5,4,5,5,5,5,5,5,4,5,4,5,5,5,5,5,5,5,5,4,5,5,5,5,5,4,5,5,4,5,5,4,5,4,3,5,4,5,5,5,5,5,5,2,5,5,5,5,1,5,5,5,4,5,5,5,4,5,4,5,1,5,1,4,2,5,5,307,44,48,48,39,47,44,37
2433,3,1,1,4,5,5,2,5,5,1,4,1,4,2,2,2,2,1,2,4,4,4,4,4,2,2,2,4,2,5,5,5,4,4,2,1,2,2,5,4,5,4,5,4,2,5,5,5,5,3,2,4,5,4,2,5,4,5,2,5,4,4,5,5,5,5,1,4,237,31,21,32,30,44,39,40
2434,4,4,4,4,4,4,4,2,4,4,2,2,4,2,2,2,2,2,2,4,4,4,4,2,2,2,4,2,2,4,2,4,4,4,4,2,4,2,4,4,4,4,4,4,4,4,4,4,2,1,5,2,4,2,2,4,2,2,3,4,3,2,3,4,4,4,2,2,215,34,24,30,30,40,26,31
2436,5,5,4,5,5,4,4,4,3,1,2,2,4,4,4,4,2,2,5,5,4,5,5,5,5,5,5,5,5,4,3,3,4,2,2,2,2,3,4,4,5,4,4,4,4,3,2,1,3,1,2,4,5,1,1,5,4,1,5,4,2,3,3,5,3,5,4,3,242,39,30,49,25,35,27,37
2437,2,5,3,4,4,5,3,2,5,2,4,4,5,3,4,4,4,2,4,4,1,4,4,4,4,4,5,2,4,4,2,4,4,4,1,1,2,2,4,5,4,5,5,5,5,5,4,5,4,1,4,2,5,2,4,4,1,2,4,4,5,4,4,5,4,5,2,5,247,33,36,36,24,47,29,42
2440,5,5,4,4,5,5,5,5,5,1,4,3,3,4,4,2,4,4,3,5,2,5,5,3,5,5,4,3,3,5,3,1,1,3,1,1,4,1,5,4,5,3,3,3,5,4,4,5,4,4,3,4,4,2,2,5,5,3,4,4,5,5,3,4,4,4,4,5,254,43,32,40,20,41,36,42
2442,5,5,4,5,5,5,5,5,4,4,4,2,4,4,3,4,4,4,4,4,3,4,3,2,3,2,2,2,3,4,3,4,4,4,3,2,4,2,5,5,4,5,5,5,5,5,3,5,4,4,4,4,5,2,2,4,5,2,5,5,5,4,4,5,3,5,2,4,263,43,37,28,30,47,36,42
2443,4,5,4,5,4,5,5,5,5,1,4,2,4,4,4,4,5,5,3,4,4,4,4,5,5,5,5,5,5,5,3,4,4,2,2,1,2,2,5,5,5,5,4,5,1,5,4,5,4,2,2,2,5,3,3,4,4,2,4,4,5,5,4,4,1,3,4,5,263,42,36,46,25,44,31,39
2445,5,5,4,5,5,5,5,5,5,3,2,3,5,4,2,5,5,5,2,3,5,5,5,5,1,4,5,5,4,5,4,5,5,5,1,1,5,1,5,5,5,5,5,5,1,3,5,5,1,1,5,5,5,5,4,1,5,2,1,5,4,1,4,5,1,5,1,3,262,44,36,42,32,44,34,30
2446,4,5,1,1,5,5,5,5,3,1,2,2,4,4,3,2,4,2,4,1,4,4,4,3,3,4,4,4,5,4,2,2,4,2,3,3,4,3,4,4,5,4,4,1,3,5,4,5,5,4,4,3,2,2,5,5,4,2,5,1,5,3,5,5,3,5,2,5,239,34,28,36,27,39,36,39
2447,5,5,4,5,5,5,5,5,5,4,5,3,5,4,4,4,4,4,4,5,4,4,5,4,2,2,5,4,5,4,4,4,4,2,2,1,4,2,5,4,5,5,4,4,1,5,4,5,5,3,5,5,5,2,2,5,4,1,5,5,5,5,4,5,3,3,5,5,276,44,41,40,27,42,37,45
2449,1,5,5,5,2,4,4,2,4,3,3,2,4,4,4,4,4,4,3,4,4,4,4,1,4,4,2,4,4,2,2,3,4,2,2,1,3,2,5,5,5,4,4,5,5,5,5,5,4,2,4,4,5,2,3,5,4,2,5,5,5,2,4,5,2,2,5,2,243,32,35,35,21,48,35,37
2450,4,5,3,5,5,5,5,5,5,4,4,4,5,4,3,4,5,3,5,5,4,5,4,4,5,4,5,4,4,5,3,1,5,4,2,1,3,2,5,5,5,5,5,5,5,5,4,5,1,5,5,5,4,5,5,5,5,3,5,5,5,2,5,5,1,2,2,5,282,42,41,44,26,49,43,37
2454,5,4,3,4,5,4,5,5,1,2,4,2,4,4,2,2,4,4,5,5,5,5,5,5,5,5,4,5,5,5,5,5,5,2,2,4,4,4,5,4,4,4,4,4,3,3,2,4,5,3,4,3,5,5,4,4,2,2,5,4,4,3,2,5,4,5,5,5,270,36,33,49,36,37,37,42
2462,5,5,4,5,5,5,5,5,5,2,4,4,1,3,2,1,4,2,2,4,4,5,5,4,5,4,5,2,4,3,4,3,4,4,2,4,2,4,3,5,5,5,5,4,4,1,5,5,3,2,3,4,5,2,4,5,5,1,5,4,4,2,5,4,1,4,4,1,251,44,25,42,30,42,34,34
2464,4,5,3,4,5,4,4,3,3,4,5,1,4,4,4,4,2,1,2,4,4,4,3,4,2,1,4,4,4,4,3,4,3,4,2,1,3,2,5,4,4,4,1,1,3,5,3,5,4,3,4,2,4,3,4,4,3,3,5,4,4,3,2,4,3,5,2,3,230,35,31,34,26,35,34,35
